title,price,rating,brand,ram,storage,color,processor
"HP Omnibook 3, Snapdragon X Processor 45 Tops (16GB LPDDR5x,512GB SSD) 2K WUXGA, 14''/35.6cm, Win 11, M365*Office 24,Silver,1.42kg, hz0026QU/ hz0024QU, Lighter mini Charger, FHD IR Camera, AI Laptop","69,990",3.4,HP,16GB,512GB,Silver,Snapdragon
"HP 15, Intel Core 5-120U (16GB DDR4, 512GB SSD) FHD, Anti-Glare, Micro-Edge, 15.6''/39.6cm, Win11, M365 Basic(1yr), Office Home24, Silver,1.59kg, fd0682tu, FHD Camera w/Shutter, BL Laptop","68,699",3.0,HP,16GB,512GB,Silver,Intel
"Lenovo V15 G4 AMD Athlon Silver 7120U Laptop 8GB LPDDR5 Ram, 512 GB SSD PCIe, Windows 11 Lifetime Validity,15.6"" FHD Screen, AMD Radeon 610M, Silver, 1 Year Brand Warranty","44,999",4.0,Lenovo,8GB,512GB,Silver,AMD
"Acer Smartchoice Aspire One, AMD Ryzen 3-7320U, 8GB LPDDR5 RAM/ 256GB SSD, 14.0""/35.56cm TN HD Display, Win 11 Home, Pure Silver, 1.48KG, A114-43, Thin and Light Laptop","42,990",3.4,Acer,8GB,256GB,Silver,AMD
"Apple 2026 MacBook Neo 13″ Laptop with A18 Pro chip: Built for AI and Apple Intelligence, Liquid Retina Display, 8GB Unified Memory, 256GB SSD Storage, 1080p FaceTime HD Camera; Blush","73,990",4.8,Apple,8GB,256GB,N/A,N/A
"Apple 2026 MacBook Neo 13″ Laptop with A18 Pro chip: Built for AI and Apple Intelligence, Liquid Retina Display, 8GB Unified Memory, 256GB SSD Storage, 1080p FaceTime HD Camera; Silver","73,990",4.7,Apple,8GB,256GB,Silver,N/A
"ASUS Vivobook 15, Smartchoice,Intel Core i5 13th Gen 13420H,16GB RAM, 512GB SSD, FHD 15.6"",Windows 11, Office Home 2024, Quiet Blue, 1.70 kg, X1502VA-BQ836WS,Intel UHD iGPU, M365 Basic (1Year)* Laptop","65,990",4.1,ASUS,16GB,512GB,Blue,Intel
"Dell 15 SmartChoice (Previously Inspiron), Intel 13th Gen Core i5-1334U, 16GB, 1TB SSD, FHD,15.6""/39.62cm, Win 11, MSO'24, Silver, 1.62kg, [Dell 15], 12 Month McAfee, Backlit KB, Thin & Light Laptop","72,990",3.9,Dell,16GB,1TB,Silver,Intel
"Lenovo V14 Intel Core i3 13th Gen 14"" FHD (1920x1080) Antiglare 250 Nits Thin and Light Laptop (16GB RAM/512GB SSD/Windows 11 Home/Office Home 2024/Iron Grey/1.43 kg), 83A0A0PCIN","70,990",3.6,Lenovo,16GB,512GB,Grey,Intel
"Dell 15 AI Powered Laptop, Intel Core Ultra 5 225H, 16GB DDR5 RAM, 512GB SSD, 15.6"" FHD Anti-Glare Display, Intel Arc Graphics, Dedicated Copilot Key, Backlit Keyboard, Silver, Win11 Home + MSO H&S'24","87,990",4.2,Dell,16GB,512GB,Silver,Intel
"ASUS Vivobook 16,Smartchoice, 13th Gen, Intel Core i5-13420H,16GB RAM,512GB SSD,FHD, OLED,Win 11,M365 Basic (1Y),Backlit Keyboard,Office 2024,Silver,1.88 kg,X1605VA-SH1952WS, Thin & Light Laptop","67,990",4.0,ASUS,16GB,512GB,Silver,Intel
"Acer Aspire Lite, AMD Ryzen 3-5400U, 8 GB RAM, 512 GB SSD, Full HD 15.6""/39.62 cm, Windows 11 Home, Steel Gray, 1.59 KG, AL15-41, Premium Laptop","42,990",4.2,Acer,RAM,512GB,Gray,AMD
"Acer Aspire One, Intel Core Celeron N4500, 8GB LPDDR4 RAM/ 256GB SSD, 14.0""/35.56cm WXGA Display, Intel UHD Graphics, Win 11 Home, Pure Silver, 1.3 Kg, A114-45, Thin and Light Laptop","35,990",1.0,Acer,8GB,256GB,Silver,Intel
"HP 15 Smartchoice, 13th Gen Intel Core i3-1315U (12GB DDR4, 512GB SSD) FHD, Anti-Glare, Micro-Edge, 15.6''/39.6cm, Win11, M365(1yr)*Office24, Silver, 1.59kg, fd0573TU, FHD Camera w/Shutter Laptop","44,990",4.2,HP,12GB,512GB,Silver,Intel
"Apple 2026 MacBook Neo 13"" Laptop with A18 Pro chip: Built for AI and Apple Intelligence, Liquid Retina Display, 8GB Unified Memory, 512GB SSD Storage, 1080p FaceTime HD Camera, Touch ID; Indigo","83,490",4.8,Apple,8GB,512GB,Indigo,N/A
"Acer Smartchoice Aspire One, AMD Ryzen 5-40, 8GB LPDDR5 RAM/ 256GB SSD, 14.0""/35.56cm WXGA Display, Win 11 Home, Pure Silver, 1.48KG, A114-43, Thin and Light Laptop","44,990",4.1,Acer,8GB,256GB,Silver,AMD
"Apple 2026 MacBook Neo 13"" Laptop with A18 Pro chip: Built for AI and Apple Intelligence, Liquid Retina Display, 8GB Unified Memory, 512GB SSD Storage, 1080p FaceTime HD Camera, Touch ID; Silver","83,490",4.8,Apple,8GB,512GB,Silver,N/A
"Acer Aspire 3 Laptop Intel Core Celeron N4500 Processor Laptop (8 GB LPDDR4X SDRAM/256 GB SSD/Win11 Home/38 WHR/HD Webcam) A325-45 with 39.63 cm (15.6"") HD Display, Pure Silver, 1.5 KG","35,670",3.4,Acer,LPDDR4,256GB,Silver,Intel
"HP Chromebook 14, MediaTek Kompanio 540 (4GB LPDDR5, 128GB UFS) HD, Anti-Glare, Micro-Edge, 14''/35.6cm, ChromeOS, 100 GB Google One(1yr), Modern Gray,1.35kg, nm0004MU, HD Camera w/Shutter Laptop","29,990",N/A,HP,4GB,N/A,Gray,MediaTek
𝗟𝗲𝗻𝗼𝘃𝗼_Model L490 Laptop| Core i5 8th Gen | 8GB Fast RAM | 512GB SSD | 14-inch HD Display Win 10| (Pre-Owned & Tested),"25,999",N/A,Unknown,8GB,512GB,N/A,N/A
"Acer Smartchoice Aspire One, AMD Ryzen 5-40, 8GB LPDDR5 RAM/ 512GB SSD, 14.0""/35.56cm WXGA Display, Win 11 Home, Pure Silver, 1.48KG, A114-43, Thin and Light Laptop","47,990",3.8,Acer,8GB,512GB,Silver,AMD
"ASUS Vivobook S14, Intel Core Ultra 5 225H, Intel iGPU,16GB RAM,512GB SSD, FHD+,14"",60Hz,Windows 11,M365 Basic (1Year)*,Office Home 2024,Cool Silver,1.4 Kg, S3407CA-LY060WS, Metallic Design Laptop","82,990",4.2,ASUS,16GB,512GB,Silver,Intel
"Apple 2026 MacBook Pro Laptop with M5 Pro chip with 15‑core CPU and 16‑core GPU: Built for AI, 35.97 cm (14.2″) Liquid Retina XDR Display, 24GB Unified Memory, 2TB SSD Storage; Silver","3,42,490",4.6,Apple,24GB,2TB,Silver,N/A
"Apple 2026 MacBook Air 13″ Laptop with M5 chip: AI and Apple Intelligence, 34.46 cm (13.6″) Liquid Retina Display, 24GB Unified Memory, 1TB SSD Storage, 12MP Center Stage Camera, Touch ID; Midnight","1,94,990",4.8,Apple,24GB,1TB,N/A,N/A
"Dell 15 AI Powered Laptop, Intel Core Ultra 5 225H, 8GB DDR5 RAM, 512GB SSD, 15.6"" FHD Anti-Glare Display, Intel Arc Graphics, Standard Keyboard, Dedicated Copilot Key, Black, Win11 Home + MSO H&S'24","73,490",2.5,Dell,8GB,512GB,Black,Intel
"HP Professional 15 (2026), Intel (i3 14th Gen) Core 3 100U - (8 GB DDR5/512 GB SSD/Intel UHD Graphics/Windows 11 Home) Thin & Light Business Laptop/15.6"" Display/Silver/Copilot Key/1.5kg/MSO 2024","51,400",5.0,HP,DDR5,512GB,Silver,Intel
"HP 15 Laptop, AMD Ryzen 7 7730U (16GB DDR4,512GB SSD) Anti-Glare, Micro-Edge,15.6''/39.6cm, FHD, Win11, M365 Basic(1yr),Office Home24,Silver,1.59kg,FHD Camera w/Privacy Shutter, Backlit KB, fc0761AU","69,590",4.0,HP,16GB,512GB,Silver,AMD
"Acer Aspire 3 Laptop A325-42 | 15.6"" (39.6 cm) FHD IPS Display | AMD Ryzen 3 5400U | 8GB DDR4 RAM | 256GB NVMe SSD | Windows 11 Home | AMD Radeon Graphics | Wi-Fi 6 | Steel Gray | 1.78 Kg","40,999",N/A,Acer,8GB,N/A,Gray,AMD
"Acer Pro 15 Ryzen 3 7320U 15.6 inch Full HD | 8GB LPDDR5, 512GB SSD, Windows 11 Pro, Ms Office 21, Full Metal Body, Thin and lite laptop, 1.51 kg","49,990",3.9,Acer,8GB,512GB,N/A,N/A
"JioBook 11 with Lifetime Office | Android 4G Laptop Mediatek 8788 (JioOS) | Octa-core | 4GB RAM | 64 eMMC Storage | Thin and Light Laptop (11.6 inch, 990 Grams) | Dual Band WiFi + SIM | Blue","9,999",2.8,JioBook,4GB,N/A,Blue,MediaTek
"HP 15, Intel Core Ultra 5 125H (16GB DDR5, 1TB SSD) FHD, IPS, 15.6''/39.6cm, Win11, M365 Basic(1yr)*Office24, Silver, 1.65kg, fd1354TU, Intel Arc Graphics, FHD Camera w/Shutter, AI Powered Laptop","83,990",3.9,HP,16GB,1TB,Silver,Intel
"HP Omnibook 3, Snapdragon X Processor 45 Tops (16GB LPDDR5x,512GB SSD) 2K WUXGA, 14''/35.6cm, Win 11, M365*Office 24,Silver,1.42kg, hz0026QU/ hz0024QU, Lighter mini Charger, FHD IR Camera, AI Laptop","69,990",3.4,HP,16GB,512GB,Silver,Snapdragon
"Dell 15 (Previously Inspiron), R5-7520U Processor, 8GB LPDDR5 RAM, 512GB SSD, FHD 15.6""/39.62 cm Display, Windows 11 Home, Carbon Black, 1.63kg, Standard Keyboard, 15 Month McAfee, Thin & Light Laptop","53,990",2.0,Dell,8GB,512GB,Black,N/A
"Dell 15 (Previously Inspiron), R5-7520U Processor, 8GB LPDDR5 RAM, 512GB SSD, FHD 15.6""/39.62 cm Display, Windows 11 Home, Carbon Black, 1.63kg, Standard Keyboard, 15 Month McAfee, Thin & Light Laptop","53,990",2.0,Dell,8GB,512GB,Black,N/A
"Lenovo V14 Intel Core i3 13th Gen 14"" FHD (1920x1080) Antiglare 250 Nits Thin and Light Laptop (16GB RAM/512GB SSD/Windows 11 Home/Office Home 2024/Iron Grey/1.43 kg), 83A0A0PCIN","70,990",3.6,Lenovo,16GB,512GB,Grey,Intel
"ASUS Chromebook CM1405 (2026), Smartchoice, MediaTek Kompanio 540 Processor, 4GB RAM, 64GB SSD, FHD, 14""(35.5 cm), 60Hz, Chrome OS, Pure Grey, 1.37 Kg, CM1405CM4A-S60034, Thin & Light Laptop","28,990",4.3,ASUS,4GB,64GB,Grey,MediaTek
"Lenovo IdeaPad Slim 3 Ryzen 3 30 15.6"" (39.6cm) FHD Thin and Light Laptop (8GB RAM/512GB SSD/AMD Radeon 610M Graphics/Windows 11/Office 2024/Grey/1.6Kg), 82XQ01VYIN","50,990",4.4,Lenovo,8GB,512GB,Grey,AMD
"ASUS Chromebook CM1405 (2026), Smartchoice, MediaTek Kompanio 540 Processor, 4GB RAM, 64GB SSD, FHD, 14""(35.5 cm), 60Hz, Chrome OS, Pure Grey, 1.37 Kg, CM1405CM4A-S60034, Thin & Light Laptop","28,990",4.3,ASUS,4GB,64GB,Grey,MediaTek
"Acer Smartchoice Aspire One, AMD Ryzen 3-7320U, 8GB LPDDR5 RAM/ 512GB SSD, 14.0""/35.56cm TN HD Display, Win 11 Home, Pure Silver, 1.48KG, A114-43, Thin and Light Laptop","46,990",3.3,Acer,8GB,512GB,Silver,AMD
"HP 15, AMD Ryzen 3 7320U (8GB LPDDR5, 512GB SSD) FHD, Anti-Glare, Micro-Edge, 15.6""/39.6cm, Win 11, Office 21, Silver, 1.59kg, fc0154AU, AMD Radeon Graphics, 1080p FHD Camera Laptop","49,450",4.1,HP,8GB,512GB,Silver,AMD
"HP Omnibook 5 OLED (Previously Pavilion), Snapdragon X Processor 45 Tops (16GB LPDDR5x, 1TB SSD) 2K,16''/40.6cm, Win11, Office24, Silver, 1.59kg, fb0001QU, Multi-Day Battery AI Laptop","84,990",4.0,HP,16GB,1TB,Silver,Snapdragon
"Lenovo 14 (2026), Intel Core i5 13th Gen 13420H - (8 GB DDR5/512 GB SSD/Intel UHD Graphics/Windows 11 Pro) Thin and Light Business Laptop/14.0"" FHD Display/Luna Grey/Copilot Key/1.4 kg/MS Office 2024","58,790",N/A,Lenovo,DDR5,512GB,Grey,Intel
"HP 15 Smartchoice, 13th Gen Intel Core i5-1334U (16GB DDR4, 1TB SSD) FHD, Anti-Glare, Micro-Edge, 15.6''/39.6cm, Win11, M365(1yr) Office24, Silver, 1.59kg, FD0552TU,Iris Xe, FHD Camera, Backlit Laptop","65,990",3.9,HP,16GB,1TB,Silver,Intel
"HP Smartchoice Victus, AMD Ryzen 7 7445HS, 6GB RTX 3050, 16GB DDR5(Upgradeable) 512GB SSD, 144Hz, 300 nits, 15.6''/39.6cm, Win 11, Office 24, Blue, 2.29kg, fb3134/20ax, Xbox Gamepass*, Gaming Laptop","95,990",4.1,HP,6GB,512GB,Blue,AMD
"Dell 15 AI Powered Laptop, Intel Core Ultra 5 225H, 16GB DDR5 RAM, 512GB SSD, 15.6"" FHD Anti-Glare Display, Intel Arc Graphics, Dedicated Copilot Key, Backlit Keyboard, Silver, Win11 Home + MSO H&S'24","87,990",4.2,Dell,16GB,512GB,Silver,Intel
"Lenovo IdeaPad Slim 3 13th Gen Intel Core i3-1315U 15.6 Inch (39.6cm) FHD Thin & Light Laptop (8GB RAM/512GB SSD/Windows 11/Office Home 2024/Grey/1.62Kg), 82X700HHIN","53,990",4.6,Lenovo,8GB,512GB,Grey,Intel
"Acer Smartchoice Aspire One, AMD Ryzen 3-7320U, Office 2024 + M365 Basic, 8GB LPDDR5 RAM/ 256GB SSD, 14.0""/35.56cm TN HD Display, Win 11 Home, Pure Silver, 1.48KG, A114-43, Thin and Light Laptop","45,990",3.4,Acer,8GB,256GB,Silver,AMD
"Dell 15 AI Powered Laptop, Intel Core Ultra 5 225H, 8GB DDR5 RAM, 512GB SSD, 15.6"" FHD Anti-Glare Display, Intel Arc Graphics, Standard Keyboard, Dedicated Copilot Key, Black, Win11 Home + MSO H&S'24","73,490",2.5,Dell,8GB,512GB,Black,Intel
"Acer Pro 15 Ryzen 3 7320U 15.6 inch Full HD | 8GB LPDDR5, 512GB SSD, Windows 11 Pro, Ms Office 21, Full Metal Body, Thin and lite laptop, 1.51 kg","49,990",3.9,Acer,8GB,512GB,N/A,N/A
"HP Omnibook 3, Snapdragon X Processor 45 Tops (16GB LPDDR5x,512GB SSD) 2K WUXGA, 14''/35.6cm, Win 11, M365*Office 24,Silver,1.42kg, hz0026QU/ hz0024QU, Lighter mini Charger, FHD IR Camera, AI Laptop","69,990",3.4,HP,16GB,512GB,Silver,Snapdragon
"HP Chromebook 14, MediaTek Kompanio 540 (4GB LPDDR5, 128GB UFS) HD, Touch, Anti-Glare, Micro-Edge, 14''/35.6cm, ChromeOS, 100GB Google One(1yr),Modern gray,1.35kg, nm0006MU, HD Camera w/shutter Laptop","32,990",N/A,HP,4GB,N/A,gray,MediaTek
"Acer Smartchoice Aspire One, AMD Ryzen 5-40,Office 2024 + M365 Basic, 8GB LPDDR5 RAM/ 512GB SSD, 14.0""/35.56cm WXGA Display, Win 11 Home, Pure Silver, 1.48KG, A114-43, Thin and Light Laptop","49,990",3.7,Acer,8GB,512GB,Silver,AMD
"Acer Aspire 3 Laptop A325-42 | 15.6"" (39.6 cm) FHD IPS Display | AMD Ryzen 3 5400U | 8GB DDR4 RAM | 256GB NVMe SSD | Windows 11 Home | AMD Radeon Graphics | Wi-Fi 6 | Steel Gray | 1.78 Kg","40,999",N/A,Acer,8GB,N/A,Gray,AMD
"ASUS Chromebook CM1405 (2026), Smartchoice, MediaTek Kompanio 540 Processor, 4GB RAM, 64GB SSD, FHD, 14""(35.5 cm), 60Hz, Chrome OS, Pure Grey, 1.37 Kg, CM1405CM4A-S60034, Thin & Light Laptop","28,990",4.3,ASUS,4GB,64GB,Grey,MediaTek
"Lenovo V15 G6 AMD Ryzen 7 170 (Coequal 7735HS) 15.6"" (39.62cm) FHD Thin and Light Business Laptop (16GB RAM DDR5/ 512GB SSD/Windows 11/ MS Office 2024/ AMD Radeon Graphics/Luna Grey/ 1.6 kg)","69,999",3.5,Lenovo,16GB,512GB,Grey,AMD
"Lenovo IdeaPad Slim 3, 13th Gen Intel Core i5 13420H, 24GB RAM, 1TB SSD, WUXGA IPS, 15.3""/38.8cm, Windows 11, Office 2024, Grey, 1.6Kg, Backlit Keyboard, 1Yr ADP Free, 83K100PLIN/83K1010FIN, Laptop","87,890",4.2,Lenovo,24GB,1TB,Grey,Intel
"Lenovo IdeaPad Slim 3 Ryzen 3 30 15.6"" (39.6cm) FHD Thin and Light Laptop (8GB RAM/512GB SSD/AMD Radeon 610M Graphics/Windows 11/Office 2024/Grey/1.6Kg), 82XQ01VYIN","50,990",4.4,Lenovo,8GB,512GB,Grey,AMD
"Dell 15 SmartChoice (Previously Inspiron), Intel 13th Gen Core i5-1334U, 16GB, 1TB SSD, FHD,15.6""/39.62cm, Win 11, MSO'24, Silver, 1.62kg, [Dell 15], 12 Month McAfee, Backlit KB, Thin & Light Laptop","72,990",3.9,Dell,16GB,1TB,Silver,Intel
"Lenovo IdeaPad 1 AMD Ryzen 5 5500U 15.6"" HD Thin and Light Laptop (8GB RAM/512GB SSD/Windows 11 Home/Office Home 2024/1 Year ADP Free/Grey/1.6Kg), 82R4011MIN","55,990",4.1,Lenovo,8GB,512GB,Grey,AMD
"Acer Aspire 3 (2026), Intel Core i5 13th Gen 1334U - (16 GB/512 GB SSD/Intel UHD Graphics/Windows 11 Home) Thin and Light Laptop/15.6"" FHD IPS Display/Silver/1.5 Kg/MS Office 2024/3 Years Warranty","60,950",5.0,Acer,N/A,512GB,Silver,Intel
"Lenovo V14 Intel Core i3 13th Gen 14"" FHD (1920x1080) Antiglare 250 Nits Thin and Light Laptop (16GB RAM/512GB SSD/Windows 11 Home/Office Home 2024/Iron Grey/1.43 kg), 83A0A0PCIN","70,990",3.6,Lenovo,16GB,512GB,Grey,Intel
"Dell 15 (Previously Inspiron), R5-7520U Processor, 8GB LPDDR5 RAM, 512GB SSD, FHD 15.6""/39.62 cm Display, Windows 11 Home, Carbon Black, 1.63kg, Standard Keyboard, 15 Month McAfee, Thin & Light Laptop","53,990",2.0,Dell,8GB,512GB,Black,N/A
"Lenovo 14 (2026), Intel Core i5 13th Gen 13420H - (16 GB DDR5/512 GB SSD/Intel UHD Graphics/Windows 11 Pro) Thin and Light Business Laptop/14.0"" FHD Display/Luna Grey/Copilot Key/1.4 kg/MS Office 2024","68,700",5.0,Lenovo,DDR5,512GB,Grey,Intel
"𝗗𝗲𝗹𝗹Laptop Model 5420 | 𝗜𝗡𝗧𝗘𝗟i5 11th Gen Processor |8GB DDR4 RAM |256GB SSD |14"" FHD Display | Win10 | A+ Condition Laptop (Refab)","37,400",N/A,Unknown,8GB,256GB,N/A,N/A
"HP 15, Intel Core 5-120U (16GB DDR4, 512GB SSD) FHD, Anti-Glare, Micro-Edge, 15.6''/39.6cm, Win11, M365 Basic(1yr), Office Home24, Silver,1.59kg, fd0682tu, FHD Camera w/Shutter, BL Laptop","68,699",3.0,HP,16GB,512GB,Silver,Intel
"HP Victus, AMD Ryzen 7 7445HS, 6GB RTX 4050, 16GB DDR5(Upgradeable) 512GB SSD, 144Hz, IPS, 300 nits, 15.6''/39.6cm, Win11, Office24, Blue, 2.29kg, fb3130AX, DTS Audio, Xbox Gamepass*, Gaming Laptop","1,09,990",3.3,HP,6GB,512GB,Blue,AMD
"HP 14s Intel Celeron Dual Core N4500 Laptop (8GB/512GB SSD/Win 11) 14.0"" HD Display, MSO 24, Black, 1.46kg, DQ3149TU Thin and Light Business Laptop","42,999",3.2,HP,8GB,512GB,Black,Intel
"HP 15, AMD Ryzen 5 7520U,(16GB LPDDR5, 512GB SSD), Anti-Glare, Micro-Edge, FHD, 15.6''/39.6cm, Win 11, Office 24,M365 Basic(1yr)*,Silver, 1.59kg, fc0690au, FHD Camera, Backlit KB Laptop","67,400",3.9,HP,16GB,512GB,Silver,AMD
"Lenovo IdeaPad Slim 1, AMD Ryzen 5 5500U, 16GB RAM, 512GB SSD, HD, 15.6"", Windows 11 Home, MS Office 21, Cloud Grey, 1.61Kg, 82R400ERIN, Integrated AMD Graphics, 1Yr ADP Free, Thin and Light Laptop","61,000",4.2,Lenovo,16GB,512GB,Grey,AMD
"HP 14, Intel Core Ultra 5 125H (16GB DDR5, 512GB SSD), Micro-Edge, Anti-Glare, FHD, 14''/35.6cm, Win11, M365* Office24, Silver, 1.4kg, ep1150TU, FHD Camera, Backlit Laptop","77,990",3.7,HP,16GB,512GB,Silver,Intel
"ASUS Vivobook Go 14 (2026),AMD Ryzen 3 30 Processor,AMD Radeon iGPU,8GB RAM,512GB SSD,FHD,14"" (35.5 cm),Windows 11,M365 Basic(1Y)* Office 2024,Cool Silver,1.38 Kg,E1404FA-EB1224WS,Thin & Light Laptop","48,990",3.5,ASUS,8GB,512GB,Silver,AMD
"Primebook 2 Max (2026) | 8GB RAM, 256GB UFS Storage | 15.6-Inch Full HD IPS Display | 12hrs Battery | MediaTek Helio G99 | Android 15 (PrimeOS 3.0) | Backlit Keyboard | in-Built AI (Gray)","32,990",4.3,Primebook,8GB,N/A,Gray,MediaTek
"HP Victus, 13th Gen Intel Core i5-13420H, 4GB RTX 2050, 16GB DDR4 (Upgradeable) 512GB SSD, 144Hz, IPS, 300 nits, FHD, 15.6''/39.6cm, Win11, M365* Office24, Mica Silver, 2.3kg, fa2703tx Gaming Laptop","98,990",3.8,HP,4GB,512GB,Silver,Intel
"MSI Thin 15, Intel 13th Gen. i5-13420H, 40CM FHD 144Hz Gaming Laptop (16GB/512GB NVMe SSD/Windows 11 Home/NVIDIA GeForce RTX 3050, GDDR6 4GB/Cosmos Gray/1.86Kg) B13UC-125IN","85,900",3.9,MSI,16GB,N/A,Gray,Intel
"acer Aspire 7, Intel Core 5-210H Processor, NVIDIA GeForce RTX 3050 6GB GDDR6, 16 GB, 512GB, Full HD, 15.6""/39.62 cm, Windows 11 Home, Flame Black, 1.99kg, A715-79G, Backlit Keyboard, Gaming Laptop","85,940",4.5,acer,6GB,N/A,Black,Intel
"HP 14, Intel Core Ultra 5 125H (16GB DDR5, 512GB SSD), Micro-Edge, Anti-Glare, FHD, 14''/35.6cm, Win11, M365* Office24, Silver, 1.4kg, ep1150TU, FHD Camera, Backlit Laptop","77,990",3.7,HP,16GB,512GB,Silver,Intel
"HP Professional 15 (2026), Intel (i3 14th Gen) Core 3 100U - (16 GB/512 GB SSD/Intel UHD Graphics/Windows 11 Home) Thin & Light Business Laptop/15.6"" Display/Turbo Silver/Copilot Key/1.5kg/MS Office","60,160",4.1,HP,N/A,512GB,Silver,Intel
"Acer Pro 15 Ryzen 3 7320U 15.6 inch Full HD | 8GB LPDDR5, 512GB SSD, Windows 11 Pro, Ms Office 21, Full Metal Body, Thin and lite laptop, 1.51 kg","49,990",3.9,Acer,8GB,512GB,N/A,N/A
"Acer Aspire 3 Laptop A325-42 | 15.6"" (39.6 cm) FHD IPS Display | AMD Ryzen 3 5400U | 8GB DDR4 RAM | 256GB NVMe SSD | Windows 11 Home | AMD Radeon Graphics | Wi-Fi 6 | Steel Gray | 1.78 Kg","40,999",N/A,Acer,8GB,N/A,Gray,AMD
"Lenovo V15 AMD Ryzen 7 7730U 15.6"" (39.62cm) FHD 250 Nits Antiglare Thin and Light Laptop (Free MS Office) Lifetime (16GB/512GB SSD/Windows 11/Iron Grey/1.65 Kg) 1 Year Brand Warranty,","67,999",4.2,Lenovo,16GB,512GB,Grey,AMD
"ASUS Chromebook CM1505 (2026), Smartchoice, MediaTek Kompanio 540 Processor, 4GB RAM, 64GB SSD, FHD, 15.6""(39.6 cm), 60Hz, Chrome OS, Fabric Blue, 1.49 Kg, CM1505CM4A-S70080, Thin & Light Laptop","24,990",3.7,ASUS,4GB,64GB,Blue,MediaTek
"Dell 15 AI Powered Laptop, Intel Core Ultra 5 225H, 8GB DDR5 RAM, 512GB SSD, 15.6"" FHD Anti-Glare Display, Intel Arc Graphics, Standard Keyboard, Dedicated Copilot Key, Black, Win11 Home + MSO H&S'24","73,490",2.5,Dell,8GB,512GB,Black,Intel
"HP Omnibook 3, Snapdragon X Processor 45 Tops (16GB LPDDR5x,512GB SSD) 2K WUXGA, 14''/35.6cm, Win 11, M365*Office 24,Silver,1.42kg, hz0026QU/ hz0024QU, Lighter mini Charger, FHD IR Camera, AI Laptop","69,990",3.4,HP,16GB,512GB,Silver,Snapdragon
"Primebook 2 Max (2026) | 8GB RAM, 256GB UFS Storage | 15.6-Inch Full HD IPS Display | 12hrs Battery | MediaTek Helio G99 | Android 15 (PrimeOS 3.0) | Backlit Keyboard | in-Built AI (Gray)","32,990",4.3,Primebook,8GB,N/A,Gray,MediaTek
"ASUS Vivobook Go 14 (2026),AMD Ryzen 3 30 Processor,AMD Radeon iGPU,8GB RAM,512GB SSD,FHD,14"" (35.5 cm),Windows 11,M365 Basic(1Y)* Office 2024,Cool Silver,1.38 Kg,E1404FA-EB1224WS,Thin & Light Laptop","48,990",3.5,ASUS,8GB,512GB,Silver,AMD
"Apple 2026 MacBook Pro Laptop with M5 Pro chip with 15‑core CPU and 16‑core GPU: Built for AI, 35.97 cm (14.2″) Liquid Retina XDR Display, 24GB Unified Memory, 2TB SSD Storage; Silver","3,42,490",4.6,Apple,24GB,2TB,Silver,N/A
"ASUS Chromebook CM1405 (2026), Smartchoice, MediaTek Kompanio 540 Processor, 4GB RAM, 64GB SSD, FHD, 14""(35.5 cm), 60Hz, Chrome OS, Pure Grey, 1.37 Kg, CM1405CM4A-S60034, Thin & Light Laptop","28,990",4.3,ASUS,4GB,64GB,Grey,MediaTek
"Lenovo 14 (2026), AMD Ryzen 5 Quad Core 7520U - (8 GB LPDDR5/512 GB SSD/AMD Radeon Graphics/Windows 11 Pro) Thin and Light Business Laptop/14.0"" FHD Display/Arctic Grey/1.4 kg/MS Office 2024","52,990",N/A,Lenovo,LPDDR5,512GB,Grey,AMD
"MaxBook 14” FHD Laptop, pentium N4200, 8GB RAM, 256GB SSD, WiFi & Bluetooth, USB 3.2, Mini HDMI, Windows 11 Notebook, Lightweight Laptop for Work & Study","25,640",5.0,MaxBook,8GB,256GB,N/A,N/A
"Lenovo LOQ Essential AMD Ryzen 7 7735HS | NVIDIA RTX 4050 6GB (16GB RAM/512GB SSD/144Hz Refresh Rate/15.6"" (39.6cm)/Windows 11/Office Home 2024/3 Mon. Game Pass/Grey/1.8Kg), 83S0009TIN Gaming Laptop","1,32,990",4.0,Lenovo,6GB,512GB,Grey,AMD
"Acer 15 Smartchoice, AMD Ryzen 3-7320U, 15.6"" Full HD Display, | 8GB DDR5 RAM 5500 Mhz, 256GB SSD New Gen, Windows 11Home, Ms office 21, Antivrus, 1.59KG, Professional Thin and Light Laptop","44,990",5.0,Acer,8GB,256GB,N/A,AMD
"Lenovo ThinkBook 16, Intel Core Ultra 9 185H, 16GB RAM, 512GB SSD, WUXGA IPS 16” (40.64cm), Win 11 Home, Arctic Grey, 1.7Kg, 21SKA0J5IG, Fingerprint, Backlit, 300 Nits, 1Y Warranty, AI Powered Laptop","98,990",3.7,Lenovo,16GB,512GB,Grey,Intel
"ASUS Vivobook 16, Snapdragon X, 16GB RAM, 512GB SSD, FHD+ 16"", Windows 11, Office Home 2024, Cool Silver, 1.88kg, X1607QA-MB050WS, Qualcomm Adreno iGPU, 45TOPS, M365 Basic(1Year)* Laptop","63,990",4.1,ASUS,16GB,512GB,Silver,Snapdragon
"Acer Professional 14[New Launch], AMD Ryzen 7-7730U, 32GB RAM, 1TB SSD, 14"" Full HD Laptop, Windows 11 Pro, MSO21, 1.34KG, Backlite KB, Finger Print, Metal Body, 3 Year Warranty, 12 Mounths Antivrus","84,990",2.8,Acer,32GB,1TB,N/A,AMD
"HP 15, Intel Core 5-120U (8GB DDR4, 512GB SSD) FHD, Anti-Glare, Micro-Edge, 15.6''/39.6cm, Win11, M365 Basic(1yr), Office Home24, Silver,1.59kg, fd0651TU, FHD Camera w/Privacy Shutter, Backlit Laptop","66,749",4.7,HP,8GB,512GB,Silver,Intel
"HP Omnibook 3, Snapdragon X Processor 45 Tops (16GB LPDDR5x,512GB SSD) 2K WUXGA, 14''/35.6cm, Win 11, M365*Office 24,Silver,1.42kg, hz0026QU/ hz0024QU, Lighter mini Charger, FHD IR Camera, AI Laptop","69,990",3.4,HP,16GB,512GB,Silver,Snapdragon
"Lenovo ThinkPad E16 G2 16-inch (40.64 CM) Laptop, AMD Ryzen 7 7735HS (8-Core), 16GB DDR5 RAM, 512GB NVMe SSD, FHD+ IPS Display, Radeon 680M, Wi-Fi 6, Fingerprint Reader, Windows 11 Pro, MS-Office 2024","91,700",3.3,Lenovo,16GB,N/A,N/A,AMD
"HP Omnibook 3, Snapdragon X Processor 45 Tops (16GB LPDDR5x,512GB SSD) 2K WUXGA, 14''/35.6cm, Win 11, M365*Office 24,Silver,1.42kg, hz0026QU/ hz0024QU, Lighter mini Charger, FHD IR Camera, AI Laptop","69,990",3.4,HP,16GB,512GB,Silver,Snapdragon
"HP HyperX OMEN 16 (Valorant Edition) AMD Ryzen 7 8745HX, 8GB-RTX 5060, 16GB DDR5 (Upgradeable) 1TB SSD, 165Hz, 2K, 400 nits, 3ms RT, 16''/40.6cm, Win11, Office24, Blue, 2.47kg, ap1010AX Gaming Laptop","2,29,990",5.0,HP,8GB,1TB,Blue,AMD
"Acer Pro 15 Ryzen 3 7320U 15.6 inch Full HD | 8GB LPDDR5, 512GB SSD, Windows 11 Pro, Ms Office 21, Full Metal Body, Thin and lite laptop, 1.51 kg","49,990",3.9,Acer,8GB,512GB,N/A,N/A
"Lenovo V14 G4 AMD Ryzen 5 7520U 14"" (35.56 cm) FHD Laptop (16GB LPDDR5 RAM/512GB SSD/Windows 11 Home/Ms-Office /2GB AMD Radeon 610M Graphics/Dolby Audio/Arctic Grey/1.43 Kg), 1 Year Warranty","56,690",3.6,Lenovo,16GB,512GB,Grey,AMD
"ASUS ROG Strix G16,Intel Core Ultra 9 275HX,Gaming Laptop(RTX 5070-8GB/115W TGP/32GB/1TB /2.5K QHD+/16""/240Hz/90WHrs/Windows 11/M365 Basic(1Year)*/Office Home 2024/Eclipse Gray/2.65 Kg)G615LP-S5022WS","2,49,990",3.7,ASUS,8GB,N/A,Gray,Intel
"Lenovo Legion 7 2025 Intel Core Ultra 9 275HX| NVIDIA RTX 5070 8GB (32GB RAM/1TB SSD/WQXGA OLED/240Hz/16(40.64cm)/Windows 11/Office 2024+AI Now/White/2.0Kg), 83KY001GIN AI Powered Gaming Laptop","2,73,490",5.0,Lenovo,8GB,1TB,White,Intel
"Acer Aspire 3 Laptop A325-42 | 15.6"" (39.6 cm) FHD IPS Display | AMD Ryzen 3 5400U | 8GB DDR4 RAM | 256GB NVMe SSD | Windows 11 Home | AMD Radeon Graphics | Wi-Fi 6 | Steel Gray | 1.78 Kg","40,999",N/A,Acer,8GB,N/A,Gray,AMD
"Lenovo ThinkPad E16 G2 16-inch (40.64 CM) Laptop, AMD Ryzen 7 7735HS (8-Core), 16GB DDR5 RAM, 512GB NVMe SSD, FHD+ IPS Display, Radeon 680M, Wi-Fi 6, Fingerprint Reader, Windows 11 Pro, MS-Office 2024","91,700",3.3,Lenovo,16GB,N/A,N/A,AMD
"acer Aspire 3, Intel Pentium N6000, 12GB LPDDR4X RAM, 512GB SSD, HD, 15.6""/39.62cm, Windows 11 Home, Pure Silver, 1.5KG, A325-45, Thin and Light Laptop","39,850",3.3,acer,12GB,512GB,Silver,Intel
"Dell 15 AI Powered Laptop, Intel Core Ultra 5 225H, 8GB DDR5 RAM, 512GB SSD, 15.6"" FHD Anti-Glare Display, Intel Arc Graphics, Standard Keyboard, Dedicated Copilot Key, Black, Win11 Home + MSO H&S'24","73,490",2.5,Dell,8GB,512GB,Black,Intel
"Lenovo V14 Intel Core i3 13th Gen 14"" FHD (1920x1080) Antiglare 250 Nits Thin and Light Laptop (16GB RAM/512GB SSD/Windows 11 Home/Office Home 2024/Iron Grey/1.43 kg), 83A0A0PCIN","70,990",3.6,Lenovo,16GB,512GB,Grey,Intel
"Acer Aspire Lite Intel Core i3/Core 3 14th Gen-100U Processor, Office 2024 + M365 Basic, 8GB RAM/256GB SSD, 15.6""/39.62 cm, FHD IPS Display,Win11Home, Steel Grey, 1.59Kg, AL15-53, Thin & Light Laptop","48,990",4.3,Acer,8GB,256GB,Grey,Intel
"Lenovo IdeaPad Slim 3 13th Gen Intel Core i5-13420H 15.3 inch (38.8cm) WUXGA IPS Laptop (16GB RAM/512GB SSD/Windows 11/Office 2024/Top Metal Cover/Backlit KB/Cosmic Blue/1.6Kg), 83K1016PIN","84,990",3.7,Lenovo,16GB,512GB,Blue,Intel
"Lenovo LOQ, 13th Gen Intel Core i7 13700HX, RTX 5050-8GB, 16GB RAM, 1TB SSD, FHD, 15.6""/39.6cm, 144Hz, Windows 11, Office 2024, Grey, 2.4Kg, 440 AI Tops, 3 Mon. Game Pass, 83JE00U7IN, AI Gaming Laptop","1,51,890",4.2,Lenovo,8GB,1TB,Grey,Intel
"Dell 15 (Previously Inspiron), R5-7520U Processor, 8GB LPDDR5 RAM, 512GB SSD, FHD 15.6""/39.62 cm Display, Windows 11 Home, Carbon Black, 1.63kg, Standard Keyboard, 15 Month McAfee, Thin & Light Laptop","53,990",2.0,Dell,8GB,512GB,Black,N/A
"Dell 15 (Previously Inspiron), Intel Core i7 13th Gen -1355U, 16GB, 512GB SSD, FHD, 15.6""/39.62cm, Win 11, MSO'24, Silver, 1.62kg, [Dell 15], Backlit Keyboard, 12 Month McAfee, Thin & Light Laptop","82,990",3.7,Dell,16GB,512GB,Silver,Intel
"ASUS ROG Strix G16, AMD Ryzen 9 8940HX, Gaming Laptop(RTX 5060-8GB/115W TGP/16GB/1TB /2.5K QHD+/16""/240Hz/90WHrs/Windows 11/M365 Basic (1Year)*/Office Home 2024/Eclipse Gray/2.5 Kg) G614PM-S5046WS","1,84,990",4.4,ASUS,8GB,N/A,Gray,AMD
"Lenovo V15 Intel Core i5 13th Gen 15.6"" (39.62 cm) FHD (1920x1080) Antiglare 250 Nits Thin and Light Laptop (8GB RAM/512GB SSD/Windows 11 Home/Iron Grey/1Y Onsite +1Y ADP/1.65 kg), 83CC000EIN","59,760",N/A,Lenovo,8GB,512GB,Grey,Intel
"ASUS Chromebook CM32 Detachable (2026),Smartchoice,MediaTek Kompanio 540 Processor,8GB RAM,128GB SSD,Touchscreen,12.1""(30.7 cm),Chrome OS,Cloud Titanium,0.64 Kg,CM3206DM4A-TR0119,Thin & Light Laptop","42,990",4.5,ASUS,8GB,128GB,N/A,MediaTek
"Dell 15 Laptop DC15250-15.6-inch FHD 120Hz Display, 13th Gen Intel Core i7-1355U, 16GB DDR4 RAM, 512GB SSD, Intel UHD Graphics, Windows 11 Home, Onsite Service - Platinum Silver","85,890",4.5,Dell,16GB,512GB,Silver,Intel
"Acer Aspire 3, AMD Ryzen 3-5400U, 8GB RAM/512GB SSD, 15.6""/39.62 cm, Full HD IPS Display, Windows 11 Home, AMD Radeon Graphics, Steel Gray, 1.79 KG, A325-42, Premium Thin and Light Laptop","42,690",1.0,Acer,8GB,512GB,Gray,AMD
"HP Omen, Intel Core i7-14650HX 14th Gen, 8GB RTX 5050, 24GB DDR5(Upgradeable) 1TB SSD, 165Hz, 2k WUXGA, 3ms, 400 nits, 16''/40.6cm, Win11, M365* Office24, Black, 2.43kg, am0241TX, RGB Gaming Laptop","1,49,990",4.2,HP,8GB,1TB,Black,Intel
"Lenovo 15 (2026), Intel Core i7 13th Gen 13620H - (16 GB DDR5/512 GB SSD/Intel Iris Xe Graphics/Windows 11 Pro) Thin and Light Business Laptop/15.6"" FHD Display/Luna Grey/Copilot Key/1.5 kg/MSO 2024","79,470.",N/A,Lenovo,DDR5,512GB,Grey,Intel
"HP Victus Gaming Laptop, Intel Core 5 210H, 4GB RTX 3050 A (24GB DDR5, 512GB SSD) FHD, 144Hz, 300 nits, IPS, 15.6''/39.6 cm, Win11, M365* Office24, Mica Silver, 2.29kg, fa2500TX, Backlit,","89,990",5.0,HP,4GB,512GB,Silver,Intel
"ASUS Gaming V16 (2025),Intel Core 7 240H (i7-14th Gen),RTX 5050-8GB,16GB RAM,512GB SSD,FHD+,16"",144Hz,Backlit Keyboard,Windows 11,M365*,Office 2024,Matte Black,1.95 Kg V3607VH-RP038WS,Gaming Laptop","1,40,999",3.5,ASUS,8GB,512GB,Black,Intel
"HP Omnibook 3, Snapdragon X Processor 45 Tops (16GB LPDDR5x,512GB SSD) 2K WUXGA, 14''/35.6cm, Win 11, M365*Office 24,Silver,1.42kg, hz0026QU/ hz0024QU, Lighter mini Charger, FHD IR Camera, AI Laptop","69,990",3.4,HP,16GB,512GB,Silver,Snapdragon
"Acer Pro 15 Ryzen 3 7320U 15.6 inch Full HD | 8GB LPDDR5, 512GB SSD, Windows 11 Pro, Ms Office 21, Full Metal Body, Thin and lite laptop, 1.51 kg","49,990",3.9,Acer,8GB,512GB,N/A,N/A
"Apple 2026 MacBook Pro Laptop with M5 Pro chip with 15‑core CPU and 16‑core GPU: Built for AI, 35.97 cm (14.2″) Liquid Retina XDR Display, 24GB Unified Memory, 2TB SSD Storage; Silver","3,42,490",4.6,Apple,24GB,2TB,Silver,N/A
"Acer SmartChoice Aspire Lite, AMD Ryzen 5-5625U Processor, 16 GB/512 GB, Full HD, 15.6""/39.62 cm, Windows 11 Home, Steel Gray, 1.59 kg, AL15-41, Metal Body, Thin and Light Laptop","59,990",4.1,Acer,N/A,N/A,Gray,AMD
"ASUS Gaming V16 (2025),Intel Core 7 240H (i7-14th Gen),RTX 5050-8GB,16GB RAM,512GB SSD,FHD+,16"",144Hz,Backlit Keyboard,Windows 11,M365*,Office 2024,Matte Black,1.95 Kg V3607VH-RP038WS,Gaming Laptop","1,40,999",3.5,ASUS,8GB,512GB,Black,Intel
"ASUS Chromebook CM1405 (2026), Smartchoice, MediaTek Kompanio 540 Processor, 4GB RAM, 64GB SSD, FHD, 14""(35.5 cm), 60Hz, Chrome OS, Pure Grey, 1.37 Kg, CM1405CM4A-S60034, Thin & Light Laptop","28,990",4.3,ASUS,4GB,64GB,Grey,MediaTek
"Dell 15 AI Powered Laptop, Intel Core Ultra 5 225H, 8GB DDR5 RAM, 512GB SSD, 15.6"" FHD Anti-Glare Display, Intel Arc Graphics, Standard Keyboard, Dedicated Copilot Key, Black, Win11 Home + MSO H&S'24","73,490",2.5,Dell,8GB,512GB,Black,Intel
"HP Victus Gaming Laptop, Intel Core 5 210H, 4GB RTX 3050 A (24GB DDR5, 512GB SSD) FHD, 144Hz, 300 nits, IPS, 15.6''/39.6 cm, Win11, M365* Office24, Mica Silver, 2.29kg, fa2500TX, Backlit,","89,990",5.0,HP,4GB,512GB,Silver,Intel
"HP Omen, Intel Core i7-14650HX 14th Gen, 8GB RTX 5050, 24GB DDR5(Upgradeable) 1TB SSD, 165Hz, 2k WUXGA, 3ms, 400 nits, 16''/40.6cm, Win11, M365* Office24, Black, 2.43kg, am0241TX, RGB Gaming Laptop","1,49,990",4.2,HP,8GB,1TB,Black,Intel
"Dell 15 (Previously Inspiron), R5-7520U Processor, 8GB LPDDR5 RAM, 512GB SSD, FHD 15.6""/39.62 cm Display, Windows 11 Home, Carbon Black, 1.63kg, Standard Keyboard, 15 Month McAfee, Thin & Light Laptop","53,990",2.0,Dell,8GB,512GB,Black,N/A
"Dell 15 AI Powered Laptop, Intel Core Ultra 5 225H, 16GB DDR5 RAM, 512GB SSD, 15.6"" FHD Anti-Glare Display, Intel Arc Graphics, Dedicated Copilot Key, Backlit Keyboard, Silver, Win11 Home + MSO H&S'24","87,990",4.2,Dell,16GB,512GB,Silver,Intel
"Acer Aspire 3 Intel Core i5-1334U Processor, 8GB RAM/512GB SSD, 39.62 cm(15.6"") FHD LED-Backlit IPS Display, Win11Home, Pure Silver, 1.7Kg, A325-53, Thin & Light Laptop","54,650",3.8,Acer,8GB,512GB,Silver,Intel
"HP 14, 13th Gen Intel Core i5-1334U Laptop (16GB RAM, 512GB SSD), Anti-Glare, IPS, 14""/35.6cm, FHD, Win 11, MS Office 2021, Silver, 1.4Kg, Intel Iris Xe Graphics, FHD Camera,Backlit KB, gr0002TU","69,990",4.0,HP,16GB,512GB,Silver,Intel
"Lenovo V14 Intel Core i3 13th Gen 14"" FHD (1920x1080) Antiglare 250 Nits Thin and Light Laptop (16GB RAM/512GB SSD/Windows 11 Home/Office Home 2024/Iron Grey/1.43 kg), 83A0A0PCIN","70,990",3.6,Lenovo,16GB,512GB,Grey,Intel
"Acer Aspire 3 Laptop A325-42 | 15.6"" (39.6 cm) FHD IPS Display | AMD Ryzen 3 5400U | 8GB DDR4 RAM | 256GB NVMe SSD | Windows 11 Home | AMD Radeon Graphics | Wi-Fi 6 | Steel Gray | 1.78 Kg","40,999",N/A,Acer,8GB,N/A,Gray,AMD
"Lenovo V15 G4 AMD Ryzen 5 7520U DOS 15.6 inch FHD Thin & Lite Laptop, AMD Graphics, 16GB DDR5 5500Mhz Ram, 512GB SSD,Dolby Audio,Premium Grey, 1 Year Onsite Brand Warranty","54,899",3.9,Lenovo,16GB,512GB,Grey,AMD
"Acer TravelLite Thin Laptop AMD Ryzen 3 5400U | 8GB RAM, 512GB SSD | 14"" Full HD Anti-Glare Display | Windows 11 | MS Office | 1.34Kg | Black | 1 Year Warranty | Sleek Metal Body","41,890",1.6,Acer,8GB,512GB,Black,AMD
"HP Smartchoice Victus, AMD Ryzen 7 7445HS, 6GB RTX 3050, 16GB DDR5(Upgradeable) 512GB SSD, 144Hz, 300 nits, 15.6''/39.6cm, Win 11, Office 24, Blue, 2.29kg, fb3134/20ax, Xbox Gamepass*, Gaming Laptop",N/A,4.2,HP,6GB,512GB,Blue,AMD
"Lenovo 14 (2025), Intel Core i3 13th Gen 1315U - (8 GB/512 GB SSD/Intel UHD Graphics/Windows 11 Home) Thin and Light Business Laptop/14.0"" FHD Display/Iron Grey/1.4 kg/MSO 2021","52,999",N/A,Lenovo,N/A,512GB,Grey,Intel
"HP Omen, AMD Ryzen AI 7 350, 8GB RTX 5050, 24GB DDR5(Upgradeable) 1TB SSD, 165Hz, 2k WUXGA, 3ms, 400 nits, 16'(40.6cm) Win11, M365* Office24, Black, 2.44kg, ap0165AX, RGB, AI Gaming Laptop","1,36,990",4.4,HP,8GB,1TB,Black,AMD
"DELL Inspiron 5440 (2025) Intel Core i3 13th Gen 1305U - (16 GB/512 GB SSD/Windows 11 Home) Inspiron 5440 Thin and Light Laptop (14 inch, Ice Blue, 1.5 kg, with MS Office)","62,350",3.8,DELL,N/A,512GB,Blue,Intel
"Acer Aspire Lite, 13th Gen Intel Core i3-1305U, 8GB RAM, 512GB SSD, FHD, 15.6""/39.62cm, Windows 11 Home, Steel Gray, 1.59KG, AL15-53, Metal Body, Thin and Light Premium, Laptop","49,990",4.0,Acer,8GB,512GB,Gray,Intel
"Lenovo Yoga Slim 7 Aura Edition Intel Evo Core Ultra 5 226V (16GB RAM/1TB SSD/14 (35.5cm)/WUXGA OLED/Copilot+ PC/Windows 11/Office Home 2024/1Yr ADP Free/Grey/1.19Kg), 83JX005FIN AI Laptop","1,26,790",4.5,Lenovo,16GB,1TB,Grey,Intel
"HP 15, Intel Core Ultra 5 125H (16GB DDR5, 1TB SSD) FHD, IPS, 15.6''/39.6cm, Win11, M365 Basic(1yr)*Office24, Silver, 1.65kg, fd1255TU, Intel Arc Graphics, FHD Camera w/Shutter, AI Powered Laptop","82,990",3.8,HP,16GB,1TB,Silver,Intel
"HP Pavilion Plus, Intel Core i5-1335U-13th Gen Laptop, (16GB LPDDR5x,512GB SSD),IPS, 300 nits, 14''(35.6cm) 2K,Win 11, M365 Basic(1yr), Office Home 24, Silver,1.38kg, 5MP Camera w/Shutter, ew0107TU","63,990",3.6,HP,16GB,512GB,Silver,Intel
"Apple 2026 MacBook Pro Laptop with M5 Pro chip with 15‑core CPU and 16‑core GPU: Built for AI, 35.97 cm (14.2″) Liquid Retina XDR Display, 24GB Unified Memory, 2TB SSD Storage; Silver","3,42,490",4.6,Apple,24GB,2TB,Silver,N/A
"Apple 2026 MacBook Air 13″ Laptop with M5 chip: AI and Apple Intelligence, 34.46 cm (13.6″) Liquid Retina Display, 24GB Unified Memory, 1TB SSD Storage, 12MP Center Stage Camera, Touch ID; Midnight","1,94,990",4.8,Apple,24GB,1TB,N/A,N/A
"Apple 2026 MacBook Neo 13″ Laptop with A18 Pro chip: Built for AI and Apple Intelligence, Liquid Retina Display, 8GB Unified Memory, 256GB SSD Storage, 1080p FaceTime HD Camera; Silver","73,990",4.7,Apple,8GB,256GB,Silver,N/A
"Lenovo Thinkpad P16v Intel Core Ultra 7 155H 16""(40.64 cm) WUXGA IPS 300Nits, AI Ready Thin and Light Workstation (32GB/1TB SSD/Win11 Pro/Backlit/NVIDIA RTX 4GB/Black/3Y Premier/2.22Kg), 21KXS05500","2,31,250",5.0,Lenovo,32GB,1TB,Black,Intel
"Acer ALG, Intel Core7-240H Processor, NVIDIA GeForce RTX 3050-6GB DDR6, 16GB RAM, 512GB SSD, FHD 15.6""/39.62 cm, 144Hz, Windows 11 Home, Steel Gray, 1.99 KG, AL15G-53, Gaming Laptop","87,999",3.5,Acer,6GB,512GB,Gray,Intel
"Apple 2026 MacBook Pro Laptop with M5 Max chip with 18‑core CPU and 40‑core GPU: Built for AI, 41.05 cm (16.2″) Liquid Retina XDR Display, 48GB Unified Memory, 2TB SSD Storage; Space Black","5,89,990",4.3,Apple,48GB,2TB,Black,N/A
"Apple 2026 MacBook Air 15″ Laptop with M5 chip: AI and Apple Intelligence, 38.91 cm (15.3″) Liquid Retina Display, 16GB Unified Memory, 1TB SSD Storage, 12MP Center Stage Camera, Touch ID; Silver","2,00,490",4.7,Apple,16GB,1TB,Silver,N/A
"Dell Precision 7770 Mobile Workstation - 17.3"" FHD AG Display - 4.8 GHz Intel Core i7-12850HX 16-Core - 2TB SSD - 64GB RAM - NV RTX A4500 (16GB GDDR6) - Windows 11 Pro","3,49,990",N/A,Dell,64GB,2TB,N/A,Intel
"HP 15 (2026), AMD Ryzen 5 Hexa Core 7535U - (8 GB DDR5/512 GB SSD/AMD Radeon 660M Graphics/Windows 11 Pro) Thin and Light Business Laptop/15.6"" FHD Display/Turbo Silver/Copilot Key/1.5kg/MSO 2024","53,200",3.1,HP,DDR5,512GB,Silver,AMD
"Apple 2026 MacBook Neo 13"" Laptop with A18 Pro chip: Built for AI and Apple Intelligence, Liquid Retina Display, 8GB Unified Memory, 512GB SSD Storage, 1080p FaceTime HD Camera, Touch ID; Blush","83,490",4.8,Apple,8GB,512GB,N/A,N/A
"Dell 15 SmartChoice (Previously Inspiron), Intel 13th Gen Core i5-1334U, 16GB, 1TB SSD, FHD,15.6""/39.62cm, Win 11, MSO'24, Silver, 1.62kg, [Dell 15], 12 Month McAfee, Backlit KB, Thin & Light Laptop","72,990",3.9,Dell,16GB,1TB,Silver,Intel
"Lenovo IdeaPad Slim 3 AMD Ryzen 5 40 15.6"" (39.6cm) FHD Thin and Light Laptop (16GB RAM/512GB SSD/Backlit Keyboard/Windows 11/Microsoft 365 Basic + Office 2024/Grey/1.6Kg), 82XQ01HQIN","68,490",3.9,Lenovo,16GB,512GB,Grey,AMD
"Primebook 2 Pro (2026) | 8GB RAM, 128GB UFS Storage | 14.1-Inch FHD IPS Display | 14 Hours Battery | MediaTek Helio G99 | Android 15 (PrimeOS 3.0) | Backlit Keyboard | in-Built AI (Gray)","27,490",4.3,Primebook,8GB,N/A,Gray,MediaTek
"HP 15 (i5 14th Gen), Intel Core 5, 16GB RAM (Upgradeable), 512GB SSD, FHD, Anti-Glare, 15.6''/39.6cm, Win11, M365 Basic(1yr), Office24, Silver,1.59kg, fd0682tu, FHD Camera w/Shutter, Backlit Laptop","75,990",3.6,HP,16GB,512GB,Silver,Intel
"HP 14, 13th Gen Intel Core i5-1334U Laptop (16GB DDR4,512GB SSD) Anti-Glare, Micro-Edge, 14/35.6cm, FHD, Win11, M365 Basic(1yr),Office Home24, Silver,1.4kg, FHD Camera w/Privacy Shutter,ep0340TU","1,64,990",3.0,HP,16GB,512GB,Silver,Intel
Acer TravelLite Bussines Laptop TL04-51M | Core 5-120U | 14 INCH FHD IPS | 8GB DDR4 | 512GB | WiFi 6+ BT 5.2 | 1MP HD-CAM | 36WHR | 45W | Black | Windows 11 Home (UN.36JSI.005),"50,490",N/A,Acer,8GB,N/A,Black,N/A
"DELL PRO 15 (2025) AMD Ryzen 5 7520U Quad Core - (8 GB DDR5/512 GB SSD/AMD Radeon 610M Graphics/Windows 11 Pro) Thin and Light Business Laptop/Backlit/15.6"" FHD Display/Black/1.5 kg/MSO 2021","51,100",3.4,DELL,DDR5,512GB,Black,AMD
"acer Aspire Lite,13th Gen, Intel Core i5-13420H Processor, 16 GB RAM, 512 GB SSD, Full HD IPS, 15.6""/39.62 cm, Windows 11 Home, MS Office, Pure Silver, 1.70 kg, AL15-52H, Thin and Light Laptop","64,390",3.8,acer,RAM,512GB,Silver,Intel
"HP Laptop 15 Intel Core i3 13th Gen (8GB|512 GB SSD)/Window 11 Home 15-FD0533TU Laptop (15.6 inch,Natural Silver,1.59 kg, with MS Office","55,700",2.7,HP,8GB,512GB,Silver,Intel
"Lenovo LOQ AMD Ryzen 5 7235HS | NVIDIA RTX 3050A 4GB (16GB RAM/512GB SSD/144Hz Refresh Rate/15.6"" (39.6cm)/Windows 11/Office Home 2024/3 Mon. Game Pass/Grey/2.4Kg), 83JC00LSIN AI Gaming Laptop","93,900",4.2,Lenovo,4GB,512GB,Grey,AMD
"HP Elitebook 650 G10 15.6"" FHD Business Laptop Computer, 13th Gen Intel 10-Core i5-1335U (Beat i7-1270P), 32GB DDR4 RAM, 1TB PCIe SSD, WiFi 6E, Bluetooth 5.3, Backlit KB, FR, Windows 11 Pro, AZ-XUT","1,25,990",4.2,HP,32GB,N/A,N/A,Intel
"Acer TravelLite Thin Laptop AMD Ryzen 5 7430U (6-Core) |8GB RAM, 512GB SSD | 14"" Full HD Anti-Glare Display |Privacy Shutter| Windows 11| MS Office | Metal Body | 1.34Kg | Black | 30 Months Warranty","50,999",3.4,Acer,8GB,512GB,Black,AMD
"Lenovo 14 (2025), Intel Core i5 13th Gen 1335U - (8 GB/512 GB SSD/Intel UHD Graphics/Windows 11 Pro) Thin and Light Business Laptop/14.0"" FHD Display/Iron Grey/1.4 kg/MS Office 2021","58,590",4.4,Lenovo,N/A,512GB,Grey,Intel
"𝗗𝗲𝗹𝗹Laptop Model 3410 Business Laptop | Core i5 10th Gen | 8GB DDR4 RAM | 256GB SSD | 14"" Full HD Display | Win 10 | A+Condition (Pre-Owned & Tested)","31,900",N/A,Unknown,8GB,256GB,N/A,N/A
"MSI Modern 15, Intel 13th Gen. i5-1335U, 40CM FHD 60Hz Laptop (16GB/512GB NVMe SSD/Windows 11 Home/Iris Xe Graphics/Classic Black/1.7Kg), B13M-289IN","51,990",3.8,MSI,16GB,N/A,Black,Intel
"Apple 2026 MacBook Pro Laptop with M5 Pro chip with 15‑core CPU and 16‑core GPU: Built for AI, 35.97 cm (14.2″) Liquid Retina XDR Display, 24GB Unified Memory, 2TB SSD Storage; Silver","3,42,490",4.6,Apple,24GB,2TB,Silver,N/A
"Apple 2026 MacBook Air 13″ Laptop with M5 chip: AI and Apple Intelligence, 34.46 cm (13.6″) Liquid Retina Display, 24GB Unified Memory, 1TB SSD Storage, 12MP Center Stage Camera, Touch ID; Midnight","1,94,990",4.8,Apple,24GB,1TB,N/A,N/A
"Apple 2026 MacBook Air 15″ Laptop with M5 chip: AI and Apple Intelligence, 38.91 cm (15.3″) Liquid Retina Display, 24GB Unified Memory, 1TB SSD Storage, 12MP Center Stage Camera, Touch ID; Midnight","2,22,990",5.0,Apple,24GB,1TB,N/A,N/A
"Lenovo LOQ AMD Ryzen 5 7235HS | NVIDIA RTX 3050A 4GB (16GB RAM/512GB SSD/144Hz Refresh Rate/15.6"" (39.6cm)/Windows 11/Office Home 2024/3 Mon. Game Pass/Grey/2.4Kg), 83JC00LSIN AI Gaming Laptop","93,900",4.2,Lenovo,4GB,512GB,Grey,AMD
"HP Elitebook 650 G10 15.6"" FHD Business Laptop Computer, 13th Gen Intel 10-Core i5-1335U (Beat i7-1270P), 32GB DDR4 RAM, 1TB PCIe SSD, WiFi 6E, Bluetooth 5.3, Backlit KB, FR, Windows 11 Pro, AZ-XUT","1,25,990",4.2,HP,32GB,N/A,N/A,Intel
"Apple 2026 MacBook Neo 13″ Laptop with A18 Pro chip: Built for AI and Apple Intelligence, Liquid Retina Display, 8GB Unified Memory, 256GB SSD Storage, 1080p FaceTime HD Camera; Silver","73,990",4.7,Apple,8GB,256GB,Silver,N/A
"Apple 2026 MacBook Pro Laptop with M5 Pro chip with 18‑core CPU and 20‑core GPU: Built for AI, 41.05 cm (16.2″) Liquid Retina XDR Display, 24GB Unified Memory, 1TB SSD Storage; Silver","3,42,490",4.5,Apple,24GB,1TB,Silver,N/A
"Acer TravelLite Thin Laptop AMD Ryzen 5 7430U (6-Core) |8GB RAM, 512GB SSD | 14"" Full HD Anti-Glare Display |Privacy Shutter| Windows 11| MS Office | Metal Body | 1.34Kg | Black | 30 Months Warranty","50,999",3.4,Acer,8GB,512GB,Black,AMD
"Lenovo 14 (2025), Intel Core i5 13th Gen 1335U - (8 GB/512 GB SSD/Intel UHD Graphics/Windows 11 Pro) Thin and Light Business Laptop/14.0"" FHD Display/Iron Grey/1.4 kg/MS Office 2021","58,590",4.4,Lenovo,N/A,512GB,Grey,Intel
"Apple 2026 MacBook Neo 13"" Laptop with A18 Pro chip: Built for AI and Apple Intelligence, Liquid Retina Display, 8GB Unified Memory, 512GB SSD Storage, 1080p FaceTime HD Camera, Touch ID; Blush","83,490",4.8,Apple,8GB,512GB,N/A,N/A
"Lenovo V14 Intel Core i3 13th Gen 14"" FHD (1920x1080) Antiglare 250 Nits Thin and Light Laptop (16GB RAM/512GB SSD/Windows 11 Home/Office Home 2024/Iron Grey/1.43 kg), 83A0A0PCIN","70,990",3.6,Lenovo,16GB,512GB,Grey,Intel
"𝗗𝗲𝗹𝗹Laptop Model 3410 Business Laptop | Core i5 10th Gen | 8GB DDR4 RAM | 256GB SSD | 14"" Full HD Display | Win 10 | A+Condition (Pre-Owned & Tested)","31,900",N/A,Unknown,8GB,256GB,N/A,N/A
"MSI Modern 15, Intel 13th Gen. i5-1335U, 40CM FHD 60Hz Laptop (16GB/512GB NVMe SSD/Windows 11 Home/Iris Xe Graphics/Classic Black/1.7Kg), B13M-289IN","51,990",3.8,MSI,16GB,N/A,Black,Intel
"Lenovo V14 G4 (2024), AMD Ryzen 3 7320U Quad Core - (8GB/512GB SSD/AMD Radeon Graphics 610M/Windows 11) Thin and Light Business Laptop/14 FHD Display/Silver/1.47 kg/MS Office 2021","48,990",4.0,Lenovo,8GB,512GB,Silver,AMD
"ASUS Vivobook Go 15 (2026),AMD Ryzen 5 40,AMD Radeon iGPU,16GB RAM,512GB SSD,FHD,15.6""(39.6 cm),Windows 11 Home,M365 Basic(1 Year),Office 2024,Cool Silver,1.63 Kg,E1504FA-IN2816WS,Thin & Light Laptop","60,990",N/A,ASUS,16GB,512GB,Silver,AMD
"HP 14 AI PC Intel Core Ultra 7 - (24 GB/1 TB SSD/Windows 11 Home) 14-ep1181TU Thin and Light Laptop (14 Inch, Natural Silver, 1.4 kg, with MS Office)","99,999",3.7,HP,N/A,1TB,Silver,Intel
"Lenovo Smartchoice LOQ, Intel Core i5-12450HX, 12th Gen, RTX 3050-6GB, 16GB RAM, 512GB SSD, FHD 144Hz 300Nits, 15.6""/39.6cm, Windows 11, MS Office 21, Grey, 2.4Kg, 83GS003UIN, Gaming Laptop","96,500",4.0,Lenovo,6GB,512GB,Grey,Intel
𝗟𝗲𝗻𝗼𝘃𝗼Model T450 | InteI Core i5 5th Gen Processor | 8GB RAM | 256GB SSD | 14-inch FHD Display | Win 10 pro | A+ Condition Laptop (Refab),"25,495",N/A,Unknown,8GB,256GB,N/A,N/A
"Lenovo ThinkBook 16, AMD Ryzen 5 7535HS, 16GB RAM, 512GB SSD, WUXGA IPS 16"", Windows 11 Home, Office 2024, 1.7kg, 21MWA0BSIN, Backlit Keyboard, Fingerprint, 300 Nits, 1Y Warranty, Aluminium Top Laptop","82,800",4.0,Lenovo,16GB,512GB,N/A,AMD
"HP 15 (i5 14th Gen), Intel Core 5, 16GB RAM (Upgradeable), 512GB SSD, FHD, Anti-Glare, 15.6''/39.6cm, Win11, M365 Basic(1yr), Office24, Silver,1.59kg, fd0682tu, FHD Camera w/Shutter, Backlit Laptop","75,990",3.6,HP,16GB,512GB,Silver,Intel
"Lenovo Yoga Pro 7 Aura Edition Intel Evo Core Ultra 9 285H (32GB RAM/1TB SSD/14.5"" (36.8cm)/3K OLED Touchscreen/AI PC/Copilot+ PC/Windows 11/Office Home 2024 AI Now/Grey/1.5Kg), 83KF004CIN","1,93,990",N/A,Lenovo,32GB,1TB,Grey,Intel
"Lenovo LOQ Intel Core i5-13450HX| NVIDIA RTX 3050 6GB (16GB RAM/512GB SSD/144Hz Refresh Rate/15.6"" (39.6cm)/Windows 11/Office Home 2024/3 Mon. Game Pass/Grey/2.4Kg), 83DV018MIN AI Gaming Laptop","1,00,990",4.6,Lenovo,6GB,512GB,Grey,Intel
"ASUS Zenbook Duo (2026),Smartchoice,Intel Core Ultra 7 (Series 3),32GB RAM,1TB SSD,3K OLED,Touchscreen,14""(35.5 cm),Win 11,M365 Basic(1Y),Office 24,Moher Gray,1.65 Kg, UX8407AA-SN183WS,Copilot+ PC","2,99,990",N/A,ASUS,32GB,1TB,Gray,Intel
"Apple 2026 MacBook Pro Laptop with M5 Pro chip with 15‑core CPU and 16‑core GPU: Built for AI, 35.97 cm (14.2″) Liquid Retina XDR Display, 24GB Unified Memory, 2TB SSD Storage; Silver","3,42,490",4.6,Apple,24GB,2TB,Silver,N/A
"Apple 2026 MacBook Air 13″ Laptop with M5 chip: AI and Apple Intelligence, 34.46 cm (13.6″) Liquid Retina Display, 24GB Unified Memory, 1TB SSD Storage, 12MP Center Stage Camera, Touch ID; Midnight","1,94,990",4.8,Apple,24GB,1TB,N/A,N/A
"Dell 15 (Previously Inspiron), R5-7520U Processor, 8GB LPDDR5 RAM, 512GB SSD, FHD 15.6""/39.62 cm Display, Windows 11 Home, Carbon Black, 1.63kg, Standard Keyboard, 15 Month McAfee, Thin & Light Laptop","53,990",2.0,Dell,8GB,512GB,Black,N/A
"Dell Pro 15, Intel Core i5 1334U, 8GB DDR5 RAM, 512GB New Gen SSD,15.6"" FHD+ Display, Backlit Keyboard, Win11 Pro, MSO 2021, Premium Professional Laptop with 3 Years Warranty Antivirus","64,810",4.7,Dell,8GB,N/A,N/A,Intel
"HP 15, (i3 14th Gen) Intel Core 3 100U (8GB DDR5, 512GB SSD), Win11, M365* Office24, Micro-Edge, Anti-Glare,15.6''/39.6cm,Silver, 1.59kg,FHD Camera with Privact Shutter, Dual Speakers Laptop-fd0883TU","55,990",4.2,HP,8GB,512GB,Silver,Intel
"Dell 15 SmartChoice (Previously Inspiron), Intel 13th Gen Core i5-1334U, 16GB, 1TB SSD, FHD,15.6""/39.62cm, Win 11, MSO'24, Silver, 1.62kg, [Dell 15], 12 Month McAfee, Backlit KB, Thin & Light Laptop","72,990",3.9,Dell,16GB,1TB,Silver,Intel
"Lenovo LOQ Essential AMD Ryzen 7 7735HS | NVIDIA RTX 4050 6GB (16GB RAM/512GB SSD/144Hz Refresh Rate/15.6"" (39.6cm)/Windows 11/Office Home 2024/3 Mon. Game Pass/Grey/1.8Kg), 83S0009TIN Gaming Laptop","1,32,990",4.0,Lenovo,6GB,512GB,Grey,AMD
"HP Omnibook 3, Snapdragon X Processor 45 Tops (16GB LPDDR5x,512GB SSD) 2K WUXGA, 14''/35.6cm, Win 11, M365*Office 24,Silver,1.42kg, hz0026QU/ hz0024QU, Lighter mini Charger, FHD IR Camera, AI Laptop","69,990",3.4,HP,16GB,512GB,Silver,Snapdragon
"Dell 15 AI Powered Laptop, Intel Core Ultra 5 225H, 8GB DDR5 RAM, 512GB SSD, 15.6"" FHD Anti-Glare Display, Intel Arc Graphics, Backlit Keyboard, Dedicated Copilot Key, Silver, Win11 Home + MSO H&S'24","75,990",3.1,Dell,8GB,512GB,Silver,Intel
"Lenovo V14 Intel Core i3 13th Gen 14"" FHD (1920x1080) Antiglare 250 Nits Thin and Light Laptop (16GB RAM/512GB SSD/Windows 11 Home/Office Home 2024/Iron Grey/1.43 kg), 83A0A0PCIN","70,990",3.6,Lenovo,16GB,512GB,Grey,Intel
"Apple 2026 MacBook Neo 13″ Laptop with A18 Pro chip: Built for AI and Apple Intelligence, Liquid Retina Display, 8GB Unified Memory, 256GB SSD Storage, 1080p FaceTime HD Camera; Silver","73,990",4.7,Apple,8GB,256GB,Silver,N/A
"HP Omnibook 3, Snapdragon X Processor 45 Tops (16GB LPDDR5x,512GB SSD) 2K WUXGA, 14''/35.6cm, Win 11, M365*Office 24,Silver,1.42kg, hz0026QU/ hz0024QU, Lighter mini Charger, FHD IR Camera, AI Laptop","69,990",3.4,HP,16GB,512GB,Silver,Snapdragon
"Apple 2026 MacBook Pro Laptop with M5 Pro chip with 15‑core CPU and 16‑core GPU: Built for AI, 35.97 cm (14.2″) Liquid Retina XDR Display, 24GB Unified Memory, 2TB SSD Storage; Silver","3,42,490",4.6,Apple,24GB,2TB,Silver,N/A
"Apple 2026 MacBook Air 13″ Laptop with M5 chip: AI and Apple Intelligence, 34.46 cm (13.6″) Liquid Retina Display, 16GB Unified Memory, 1TB SSD Storage, 12MP Center Stage Camera, Touch ID; Sky Blue","1,72,490",4.7,Apple,16GB,1TB,Blue,N/A
"Apple 2026 MacBook Air 15″ Laptop with M5 chip: AI and Apple Intelligence, 38.91 cm (15.3″) Liquid Retina Display, 24GB Unified Memory, 1TB SSD Storage, 12MP Center Stage Camera, Touch ID; Midnight","2,22,990",5.0,Apple,24GB,1TB,N/A,N/A
"Apple 2026 MacBook Neo 13″ Laptop with A18 Pro chip: Built for AI and Apple Intelligence, Liquid Retina Display, 8GB Unified Memory, 256GB SSD Storage, 1080p FaceTime HD Camera; Silver","73,990",4.7,Apple,8GB,256GB,Silver,N/A
"Apple 2026 MacBook Pro Laptop with M5 Pro chip with 18‑core CPU and 20‑core GPU: Built for AI, 41.05 cm (16.2″) Liquid Retina XDR Display, 24GB Unified Memory, 1TB SSD Storage; Silver","3,42,490",4.5,Apple,24GB,1TB,Silver,N/A
"Apple 2026 MacBook Neo 13"" Laptop with A18 Pro chip: Built for AI and Apple Intelligence, Liquid Retina Display, 8GB Unified Memory, 512GB SSD Storage, 1080p FaceTime HD Camera, Touch ID; Blush","83,490",4.8,Apple,8GB,512GB,N/A,N/A
"Dell 15 SmartChoice (Previously Inspiron), Intel 13th Gen Core i5-1334U, 16GB, 1TB SSD, FHD,15.6""/39.62cm, Win 11, MSO'24, Silver, 1.62kg, [Dell 15], 12 Month McAfee, Backlit KB, Thin & Light Laptop","72,990",3.9,Dell,16GB,1TB,Silver,Intel
"Lenovo V14 Intel Core i3 13th Gen 14"" FHD (1920x1080) Antiglare 250 Nits Thin and Light Laptop (16GB RAM/512GB SSD/Windows 11 Home/Office Home 2024/Iron Grey/1.43 kg), 83A0A0PCIN","70,990",3.6,Lenovo,16GB,512GB,Grey,Intel
"Apple 2026 MacBook Pro Laptop with M5 Pro chip with 15‑core CPU and 16‑core GPU: Built for AI, 35.97 cm (14.2″) Liquid Retina XDR Display, 24GB Unified Memory, 2TB SSD Storage; Silver","3,42,490",4.6,Apple,24GB,2TB,Silver,N/A
"Apple 2026 MacBook Air 13″ Laptop with M5 chip: AI and Apple Intelligence, 34.46 cm (13.6″) Liquid Retina Display, 24GB Unified Memory, 1TB SSD Storage, 12MP Center Stage Camera, Touch ID; Midnight","1,94,990",4.8,Apple,24GB,1TB,N/A,N/A
"Apple 2026 MacBook Neo 13″ Laptop with A18 Pro chip: Built for AI and Apple Intelligence, Liquid Retina Display, 8GB Unified Memory, 256GB SSD Storage, 1080p FaceTime HD Camera; Silver","73,990",4.7,Apple,8GB,256GB,Silver,N/A
"HP 15, Intel Core 5-120U (16GB DDR4, 512GB SSD) FHD, Anti-Glare, Micro-Edge, 15.6''/39.6cm, Win11, M365 Basic(1yr), Office Home24, Silver,1.59kg, fd0682tu, FHD Camera w/Shutter, BL Laptop","68,699",3.0,HP,16GB,512GB,Silver,Intel
"Dell 15 (Previously Inspiron), R5-7520U Processor, 8GB LPDDR5 RAM, 512GB SSD, FHD 15.6""/39.62 cm Display, Windows 11 Home, Carbon Black, 1.63kg, Standard Keyboard, 15 Month McAfee, Thin & Light Laptop","53,990",2.0,Dell,8GB,512GB,Black,N/A
"HP Omnibook 3, Snapdragon X Processor 45 Tops (16GB LPDDR5x,512GB SSD) 2K WUXGA, 14''/35.6cm, Win 11, M365*Office 24,Silver,1.42kg, hz0026QU/ hz0024QU, Lighter mini Charger, FHD IR Camera, AI Laptop","69,990",3.4,HP,16GB,512GB,Silver,Snapdragon
"Apple 2026 MacBook Pro Laptop with M5 Max chip with 18‑core CPU and 40‑core GPU: Built for AI, 41.05 cm (16.2″) Liquid Retina XDR Display, 48GB Unified Memory, 2TB SSD Storage; Space Black","5,89,990",4.3,Apple,48GB,2TB,Black,N/A
"Dell 15 SmartChoice (Previously Inspiron), Intel 13th Gen Core i5-1334U, 16GB, 1TB SSD, FHD,15.6""/39.62cm, Win 11, MSO'24, Silver, 1.62kg, [Dell 15], 12 Month McAfee, Backlit KB, Thin & Light Laptop","72,990",3.9,Dell,16GB,1TB,Silver,Intel
"Apple 2026 MacBook Air 15″ Laptop with M5 chip: AI and Apple Intelligence, 38.91 cm (15.3″) Liquid Retina Display, 16GB Unified Memory, 1TB SSD Storage, 12MP Center Stage Camera, Touch ID; Silver","2,00,490",4.7,Apple,16GB,1TB,Silver,N/A
"Apple 2026 MacBook Pro Laptop with M5 Pro chip with 15‑core CPU and 16‑core GPU: Built for AI, 35.97 cm (14.2″) Liquid Retina XDR Display, 24GB Unified Memory, 2TB SSD Storage; Silver","3,42,490",4.6,Apple,24GB,2TB,Silver,N/A
"Apple 2026 MacBook Air 13″ Laptop with M5 chip: AI and Apple Intelligence, 34.46 cm (13.6″) Liquid Retina Display, 24GB Unified Memory, 1TB SSD Storage, 12MP Center Stage Camera, Touch ID; Midnight","1,94,990",4.8,Apple,24GB,1TB,N/A,N/A
"Apple 2026 MacBook Neo 13″ Laptop with A18 Pro chip: Built for AI and Apple Intelligence, Liquid Retina Display, 8GB Unified Memory, 256GB SSD Storage, 1080p FaceTime HD Camera; Silver","73,990",4.7,Apple,8GB,256GB,Silver,N/A
"HP Omnibook 3, Snapdragon X Processor 45 Tops (16GB LPDDR5x,512GB SSD) 2K WUXGA, 14''/35.6cm, Win 11, M365*Office 24,Silver,1.42kg, hz0026QU/ hz0024QU, Lighter mini Charger, FHD IR Camera, AI Laptop","69,990",3.4,HP,16GB,512GB,Silver,Snapdragon
"Apple 2026 MacBook Pro Laptop with M5 Pro chip with 18‑core CPU and 20‑core GPU: Built for AI, 41.05 cm (16.2″) Liquid Retina XDR Display, 24GB Unified Memory, 1TB SSD Storage; Silver","3,42,490",4.5,Apple,24GB,1TB,Silver,N/A
"Apple 2026 MacBook Air 15″ Laptop with M5 chip: AI and Apple Intelligence, 38.91 cm (15.3″) Liquid Retina Display, 16GB Unified Memory, 1TB SSD Storage, 12MP Center Stage Camera, Touch ID; Silver","2,00,490",4.7,Apple,16GB,1TB,Silver,N/A
"Apple 2026 MacBook Neo 13"" Laptop with A18 Pro chip: Built for AI and Apple Intelligence, Liquid Retina Display, 8GB Unified Memory, 512GB SSD Storage, 1080p FaceTime HD Camera, Touch ID; Blush","83,490",4.8,Apple,8GB,512GB,N/A,N/A
"Lenovo V14 Intel Core i3 13th Gen 14"" FHD (1920x1080) Antiglare 250 Nits Thin and Light Laptop (16GB RAM/512GB SSD/Windows 11 Home/Office Home 2024/Iron Grey/1.43 kg), 83A0A0PCIN","70,990",3.6,Lenovo,16GB,512GB,Grey,Intel
"Apple 2026 MacBook Pro Laptop with M5 Pro chip with 15‑core CPU and 16‑core GPU: Built for AI, 35.97 cm (14.2″) Liquid Retina XDR Display, 24GB Unified Memory, 2TB SSD Storage; Silver","3,42,490",4.6,Apple,24GB,2TB,Silver,N/A
"Apple 2026 MacBook Air 13″ Laptop with M5 chip: AI and Apple Intelligence, 34.46 cm (13.6″) Liquid Retina Display, 24GB Unified Memory, 1TB SSD Storage, 12MP Center Stage Camera, Touch ID; Midnight","1,94,990",4.8,Apple,24GB,1TB,N/A,N/A
"HP Omnibook 3, Snapdragon X Processor 45 Tops (16GB LPDDR5x,512GB SSD) 2K WUXGA, 14''/35.6cm, Win 11, M365*Office 24,Silver,1.42kg, hz0026QU/ hz0024QU, Lighter mini Charger, FHD IR Camera, AI Laptop","69,990",3.4,HP,16GB,512GB,Silver,Snapdragon
"Dell 15 (Previously Inspiron), R5-7520U Processor, 8GB LPDDR5 RAM, 512GB SSD, FHD 15.6""/39.62 cm Display, Windows 11 Home, Carbon Black, 1.63kg, Standard Keyboard, 15 Month McAfee, Thin & Light Laptop","53,990",2.0,Dell,8GB,512GB,Black,N/A
"Lenovo V14 Intel Core i3 13th Gen 14"" FHD (1920x1080) Antiglare 250 Nits Thin and Light Laptop (16GB RAM/512GB SSD/Windows 11 Home/Office Home 2024/Iron Grey/1.43 kg), 83A0A0PCIN","70,990",3.6,Lenovo,16GB,512GB,Grey,Intel
"HP 15, Intel Core 5-120U (16GB DDR4, 512GB SSD) FHD, Anti-Glare, Micro-Edge, 15.6''/39.6cm, Win11, M365 Basic(1yr), Office Home24, Silver,1.59kg, fd0682tu, FHD Camera w/Shutter, BL Laptop","68,699",3.0,HP,16GB,512GB,Silver,Intel
"Dell 15 AI Powered Laptop, Intel Core Ultra 5 225H, 16GB DDR5 RAM, 512GB SSD, 15.6"" FHD Anti-Glare Display, Intel Arc Graphics, Dedicated Copilot Key, Backlit Keyboard, Silver, Win11 Home + MSO H&S'24","87,990",4.2,Dell,16GB,512GB,Silver,Intel
"Dell 15 SmartChoice (Previously Inspiron), Intel 13th Gen Core i5-1334U, 16GB, 1TB SSD, FHD,15.6""/39.62cm, Win 11, MSO'24, Silver, 1.62kg, [Dell 15], 12 Month McAfee, Backlit KB, Thin & Light Laptop","72,990",3.9,Dell,16GB,1TB,Silver,Intel
"Acer Pro 15 Ryzen 3 7320U 15.6 inch Full HD | 8GB LPDDR5, 512GB SSD, Windows 11 Pro, Ms Office 21, Full Metal Body, Thin and lite laptop, 1.51 kg","49,990",3.9,Acer,8GB,512GB,N/A,N/A
"Apple 2026 MacBook Pro Laptop with M5 Pro chip with 15‑core CPU and 16‑core GPU: Built for AI, 35.97 cm (14.2″) Liquid Retina XDR Display, 24GB Unified Memory, 2TB SSD Storage; Silver","3,42,490",4.6,Apple,24GB,2TB,Silver,N/A
"Apple 2026 MacBook Air 13″ Laptop with M5 chip: AI and Apple Intelligence, 34.46 cm (13.6″) Liquid Retina Display, 24GB Unified Memory, 1TB SSD Storage, 12MP Center Stage Camera, Touch ID; Midnight","1,94,990",4.8,Apple,24GB,1TB,N/A,N/A
"HP Omnibook 3, Snapdragon X Processor 45 Tops (16GB LPDDR5x,512GB SSD) 2K WUXGA, 14''/35.6cm, Win 11, M365*Office 24,Silver,1.42kg, hz0026QU/ hz0024QU, Lighter mini Charger, FHD IR Camera, AI Laptop","69,990",3.4,HP,16GB,512GB,Silver,Snapdragon
"Lenovo V14 Intel Core i3 13th Gen 14"" FHD (1920x1080) Antiglare 250 Nits Thin and Light Laptop (16GB RAM/512GB SSD/Windows 11 Home/Office Home 2024/Iron Grey/1.43 kg), 83A0A0PCIN","70,990",3.6,Lenovo,16GB,512GB,Grey,Intel
"Dell 15 (Previously Inspiron), R5-7520U Processor, 8GB LPDDR5 RAM, 512GB SSD, FHD 15.6""/39.62 cm Display, Windows 11 Home, Carbon Black, 1.63kg, Standard Keyboard, 15 Month McAfee, Thin & Light Laptop","53,990",2.0,Dell,8GB,512GB,Black,N/A
"Acer Pro 15 Ryzen 3 7320U 15.6 inch Full HD | 8GB LPDDR5, 512GB SSD, Windows 11 Pro, Ms Office 21, Full Metal Body, Thin and lite laptop, 1.51 kg","49,990",3.9,Acer,8GB,512GB,N/A,N/A
"HP 15, Intel Core 5-120U (16GB DDR4, 512GB SSD) FHD, Anti-Glare, Micro-Edge, 15.6''/39.6cm, Win11, M365 Basic(1yr), Office Home24, Silver,1.59kg, fd0682tu, FHD Camera w/Shutter, BL Laptop","68,699",3.0,HP,16GB,512GB,Silver,Intel
"Dell 15 SmartChoice (Previously Inspiron), Intel 13th Gen Core i5-1334U, 16GB, 1TB SSD, FHD,15.6""/39.62cm, Win 11, MSO'24, Silver, 1.62kg, [Dell 15], 12 Month McAfee, Backlit KB, Thin & Light Laptop","72,990",3.9,Dell,16GB,1TB,Silver,Intel
"Dell 15 AI Powered Laptop, Intel Core Ultra 5 225H, 16GB DDR5 RAM, 512GB SSD, 15.6"" FHD Anti-Glare Display, Intel Arc Graphics, Dedicated Copilot Key, Backlit Keyboard, Silver, Win11 Home + MSO H&S'24","87,990",4.2,Dell,16GB,512GB,Silver,Intel
"Apple 2026 MacBook Pro Laptop with M5 Pro chip with 15‑core CPU and 16‑core GPU: Built for AI, 35.97 cm (14.2″) Liquid Retina XDR Display, 24GB Unified Memory, 2TB SSD Storage; Silver","3,42,490",4.6,Apple,24GB,2TB,Silver,N/A
"HP Omnibook 3, Snapdragon X Processor 45 Tops (16GB LPDDR5x,512GB SSD) 2K WUXGA, 14''/35.6cm, Win 11, M365*Office 24,Silver,1.42kg, hz0026QU/ hz0024QU, Lighter mini Charger, FHD IR Camera, AI Laptop","69,990",3.4,HP,16GB,512GB,Silver,Snapdragon
"Apple 2026 MacBook Air 13″ Laptop with M5 chip: AI and Apple Intelligence, 34.46 cm (13.6″) Liquid Retina Display, 24GB Unified Memory, 1TB SSD Storage, 12MP Center Stage Camera, Touch ID; Midnight","1,94,990",4.8,Apple,24GB,1TB,N/A,N/A
"Dell 15 (Previously Inspiron), R5-7520U Processor, 8GB LPDDR5 RAM, 512GB SSD, FHD 15.6""/39.62 cm Display, Windows 11 Home, Carbon Black, 1.63kg, Standard Keyboard, 15 Month McAfee, Thin & Light Laptop","53,990",2.0,Dell,8GB,512GB,Black,N/A
"Dell 15 AI Powered Laptop, Intel Core Ultra 5 225H, 16GB DDR5 RAM, 512GB SSD, 15.6"" FHD Anti-Glare Display, Intel Arc Graphics, Dedicated Copilot Key, Backlit Keyboard, Silver, Win11 Home + MSO H&S'24","87,990",4.2,Dell,16GB,512GB,Silver,Intel
"Lenovo V14 Intel Core i3 13th Gen 14"" FHD (1920x1080) Antiglare 250 Nits Thin and Light Laptop (16GB RAM/512GB SSD/Windows 11 Home/Office Home 2024/Iron Grey/1.43 kg), 83A0A0PCIN","70,990",3.6,Lenovo,16GB,512GB,Grey,Intel
"Dell 15 (Previously Inspiron) Laptop, 14th Gen Intel Core i3/Core 3 100U Processor, 16GB DDR4, 512 SSD, Intel UHD Graphics, 15.6"" FHD 120Hz IPS AG 250 nit Display, Win 11 + Office 2024, Black, 1.63Kg","62,490",4.0,Dell,16GB,N/A,Black,Intel
"Dell 15 SmartChoice (Previously Inspiron), Intel 13th Gen Core i5-1334U, 16GB, 1TB SSD, FHD,15.6""/39.62cm, Win 11, MSO'24, Silver, 1.62kg, [Dell 15], 12 Month McAfee, Backlit KB, Thin & Light Laptop","72,990",3.9,Dell,16GB,1TB,Silver,Intel
"Acer Pro 15 Ryzen 3 7320U 15.6 inch Full HD | 8GB LPDDR5, 512GB SSD, Windows 11 Pro, Ms Office 21, Full Metal Body, Thin and lite laptop, 1.51 kg","49,990",3.9,Acer,8GB,512GB,N/A,N/A
"HP Omnibook 3, Snapdragon X Processor 45 Tops (16GB LPDDR5x,512GB SSD) 2K WUXGA, 14''/35.6cm, Win 11, M365*Office 24,Silver,1.42kg, hz0026QU/ hz0024QU, Lighter mini Charger, FHD IR Camera, AI Laptop","69,990",3.4,HP,16GB,512GB,Silver,Snapdragon
"Lenovo V14 Intel Core i3 13th Gen 14"" FHD (1920x1080) Antiglare 250 Nits Thin and Light Laptop (16GB RAM/512GB SSD/Windows 11 Home/Office Home 2024/Iron Grey/1.43 kg), 83A0A0PCIN","70,990",3.6,Lenovo,16GB,512GB,Grey,Intel
"Dell 15 (Previously Inspiron), R5-7520U Processor, 8GB LPDDR5 RAM, 512GB SSD, FHD 15.6""/39.62 cm Display, Windows 11 Home, Carbon Black, 1.63kg, Standard Keyboard, 15 Month McAfee, Thin & Light Laptop","53,990",2.0,Dell,8GB,512GB,Black,N/A
"HP 15, Intel Core 5-120U (16GB DDR4, 512GB SSD) FHD, Anti-Glare, Micro-Edge, 15.6''/39.6cm, Win11, M365 Basic(1yr), Office Home24, Silver,1.59kg, fd0682tu, FHD Camera w/Shutter, BL Laptop","68,699",3.0,HP,16GB,512GB,Silver,Intel
"Apple 2026 MacBook Neo 13″ Laptop with A18 Pro chip: Built for AI and Apple Intelligence, Liquid Retina Display, 8GB Unified Memory, 256GB SSD Storage, 1080p FaceTime HD Camera; Silver","73,990",4.7,Apple,8GB,256GB,Silver,N/A
"Apple 2026 MacBook Neo 13″ Laptop with A18 Pro chip: Built for AI and Apple Intelligence, Liquid Retina Display, 8GB Unified Memory, 256GB SSD Storage, 1080p FaceTime HD Camera; Blush","73,990",4.8,Apple,8GB,256GB,N/A,N/A
"Acer Pro 15 Ryzen 3 7320U 15.6 inch Full HD | 8GB LPDDR5, 512GB SSD, Windows 11 Pro, Ms Office 21, Full Metal Body, Thin and lite laptop, 1.51 kg","49,990",3.9,Acer,8GB,512GB,N/A,N/A
"Apple 2026 MacBook Pro Laptop with M5 Max chip with 18‑core CPU and 32‑core GPU: Built for AI, 35.97 cm (14.2″) Liquid Retina XDR Display, 36GB Unified Memory, 2TB SSD Storage; Silver","4,75,490",5.0,Apple,36GB,2TB,Silver,N/A
"Apple 2026 MacBook Air 13″ Laptop with M5 chip: AI and Apple Intelligence, 34.46 cm (13.6″) Liquid Retina Display, 16GB Unified Memory, 1TB SSD Storage, 12MP Center Stage Camera, Touch ID; Sky Blue","1,72,490",4.7,Apple,16GB,1TB,Blue,N/A
"Apple 2026 MacBook Pro Laptop with M5 Max chip with 18‑core CPU and 32‑core GPU: Built for AI, 35.97 cm (14.2″) Liquid Retina XDR Display, 36GB Unified Memory, 2TB SSD Storage; Space Black","4,64,490",5.0,Apple,36GB,2TB,Black,N/A
"Apple 2026 MacBook Neo 13″ Laptop with A18 Pro chip: Built for AI and Apple Intelligence, Liquid Retina Display, 8GB Unified Memory, 256GB SSD Storage, 1080p FaceTime HD Camera; Silver","73,990",4.7,Apple,8GB,256GB,Silver,N/A
"Apple 2026 MacBook Neo 13″ Laptop with A18 Pro chip: Built for AI and Apple Intelligence, Liquid Retina Display, 8GB Unified Memory, 256GB SSD Storage, 1080p FaceTime HD Camera; Blush","73,990",4.8,Apple,8GB,256GB,N/A,N/A
"Apple 2026 MacBook Air 13″ Laptop with M5 chip: AI and Apple Intelligence, 34.46 cm (13.6″) Liquid Retina Display, 24GB Unified Memory, 1TB SSD Storage, 12MP Center Stage Camera, Touch ID; Midnight","1,94,990",4.8,Apple,24GB,1TB,N/A,N/A
"Apple 2026 MacBook Pro Laptop with M5 Max chip with 18‑core CPU and 40‑core GPU: Built for AI, 41.05 cm (16.2″) Liquid Retina XDR Display, 48GB Unified Memory, 2TB SSD Storage; Space Black","5,89,990",4.3,Apple,48GB,2TB,Black,N/A
"Acer Pro 15 Ryzen 3 7320U 15.6 inch Full HD | 8GB LPDDR5, 512GB SSD, Windows 11 Pro, Ms Office 21, Full Metal Body, Thin and lite laptop, 1.51 kg","49,990",3.9,Acer,8GB,512GB,N/A,N/A
"Lenovo V14 Intel Core i3 13th Gen 14"" FHD (1920x1080) Antiglare 250 Nits Thin and Light Laptop (16GB RAM/512GB SSD/Windows 11 Home/Office Home 2024/Iron Grey/1.43 kg), 83A0A0PCIN","70,990",3.6,Lenovo,16GB,512GB,Grey,Intel
"Dell 15 (Previously Inspiron), R5-7520U Processor, 8GB LPDDR5 RAM, 512GB SSD, FHD 15.6""/39.62 cm Display, Windows 11 Home, Carbon Black, 1.63kg, Standard Keyboard, 15 Month McAfee, Thin & Light Laptop","53,990",2.0,Dell,8GB,512GB,Black,N/A
"Dell Alienware 15 Gaming Laptop, AMD Ryzen R7 260 Processor, NVIDIA GeForce RTX 5050 8 GB GDDR7, 16GB:512GB SSD, 15.3"" WUXGA 165Hz 300 nits Display, Alienware Backlit Keyboard, Win 11 + MSO'24, 2.25kg","1,55,490",5.0,Dell,DDR7,512GB,N/A,AMD
"Apple 2026 MacBook Pro Laptop with M5 Pro chip with 15‑core CPU and 16‑core GPU: Built for AI, 35.97 cm (14.2″) Liquid Retina XDR Display, 24GB Unified Memory, 2TB SSD Storage; Silver","3,42,490",4.6,Apple,24GB,2TB,Silver,N/A
"Apple 2026 MacBook Air 13″ Laptop with M5 chip: AI and Apple Intelligence, 34.46 cm (13.6″) Liquid Retina Display, 24GB Unified Memory, 1TB SSD Storage, 12MP Center Stage Camera, Touch ID; Midnight","1,94,990",4.8,Apple,24GB,1TB,N/A,N/A
"Apple 2026 MacBook Neo 13″ Laptop with A18 Pro chip: Built for AI and Apple Intelligence, Liquid Retina Display, 8GB Unified Memory, 256GB SSD Storage, 1080p FaceTime HD Camera; Silver","73,990",4.7,Apple,8GB,256GB,Silver,N/A
"Dell 15 (Previously Inspiron), R5-7520U Processor, 8GB LPDDR5 RAM, 512GB SSD, FHD 15.6""/39.62 cm Display, Windows 11 Home, Carbon Black, 1.63kg, Standard Keyboard, 15 Month McAfee, Thin & Light Laptop","53,990",2.0,Dell,8GB,512GB,Black,N/A
"HP 15, Intel Core 5-120U (16GB DDR4, 512GB SSD) FHD, Anti-Glare, Micro-Edge, 15.6''/39.6cm, Win11, M365 Basic(1yr), Office Home24, Silver,1.59kg, fd0682tu, FHD Camera w/Shutter, BL Laptop","68,699",3.0,HP,16GB,512GB,Silver,Intel
"Dell 15 SmartChoice (Previously Inspiron), Intel 13th Gen Core i5-1334U, 16GB, 1TB SSD, FHD,15.6""/39.62cm, Win 11, MSO'24, Silver, 1.62kg, [Dell 15], 12 Month McAfee, Backlit KB, Thin & Light Laptop","72,990",3.9,Dell,16GB,1TB,Silver,Intel
"Acer Pro 15 Ryzen 3 7320U 15.6 inch Full HD | 8GB LPDDR5, 512GB SSD, Windows 11 Pro, Ms Office 21, Full Metal Body, Thin and lite laptop, 1.51 kg","49,990",3.9,Acer,8GB,512GB,N/A,N/A
"Dell 15 (Previously Inspiron) Laptop, 14th Gen Intel Core i3/Core 3 100U Processor, 16GB DDR4, 512 SSD, Intel UHD Graphics, 15.6"" FHD 120Hz IPS AG 250 nit Display, Win 11 + Office 2024, Black, 1.63Kg","62,490",4.0,Dell,16GB,N/A,Black,Intel
"Dell 15 (Previously Inspiron) Laptop, 14th Gen Intel Core i3/Core 3 100U Processor, 8GB DDR4, 512 SSD, 15.6"" FHD 120Hz IPS AG 250 nit Display, Win 11 + Office H&S 2024, Carbon Black, 1.63Kg","57,490",3.9,Dell,8GB,N/A,Black,Intel
"Lenovo V14 Intel Core i3 13th Gen 14"" FHD (1920x1080) Antiglare 250 Nits Thin and Light Laptop (16GB RAM/512GB SSD/Windows 11 Home/Office Home 2024/Iron Grey/1.43 kg), 83A0A0PCIN","70,990",3.6,Lenovo,16GB,512GB,Grey,Intel
"Dell 15 (Previously Inspiron), R5-7520U Processor, 8GB LPDDR5 RAM, 512GB SSD, FHD 15.6""/39.62 cm Display, Windows 11 Home, Carbon Black, 1.63kg, Standard Keyboard, 15 Month McAfee, Thin & Light Laptop","53,990",2.0,Dell,8GB,512GB,Black,N/A
"Dell 15 SmartChoice (Previously Inspiron), Intel 13th Gen Core i5-1334U, 16GB, 1TB SSD, FHD,15.6""/39.62cm, Win 11, MSO'24, Silver, 1.62kg, [Dell 15], 12 Month McAfee, Backlit KB, Thin & Light Laptop","72,990",3.9,Dell,16GB,1TB,Silver,Intel
"Dell 15 AI Powered Laptop, Intel Core Ultra 5 225H, 16GB DDR5 RAM, 512GB SSD, 15.6"" FHD Anti-Glare Display, Intel Arc Graphics, Dedicated Copilot Key, Backlit Keyboard, Silver, Win11 Home + MSO H&S'24","87,990",4.2,Dell,16GB,512GB,Silver,Intel
"Apple 2026 MacBook Pro Laptop with M5 Max chip with 18‑core CPU and 32‑core GPU: Built for AI, 35.97 cm (14.2″) Liquid Retina XDR Display, 36GB Unified Memory, 2TB SSD Storage; Silver","4,75,490",5.0,Apple,36GB,2TB,Silver,N/A
"Dell 15 (Previously Inspiron) Laptop, 14th Gen Intel Core i3/Core 3 100U Processor, 16GB DDR4, 512 SSD, Intel UHD Graphics, 15.6"" FHD 120Hz IPS AG 250 nit Display, Win 11 + Office 2024, Black, 1.63Kg","62,490",4.0,Dell,16GB,N/A,Black,Intel
"HP 15, Intel Core 5-120U (16GB DDR4, 512GB SSD) FHD, Anti-Glare, Micro-Edge, 15.6''/39.6cm, Win11, M365 Basic(1yr), Office Home24, Silver,1.59kg, fd0682tu, FHD Camera w/Shutter, BL Laptop","68,699",3.0,HP,16GB,512GB,Silver,Intel
"Dell 15 AI Powered Laptop, Intel Core Ultra 5 225H, 8GB DDR5 RAM, 512GB SSD, 15.6"" FHD Anti-Glare Display, Intel Arc Graphics, Standard Keyboard, Dedicated Copilot Key, Black, Win11 Home + MSO H&S'24","73,490",2.5,Dell,8GB,512GB,Black,Intel
"Acer Pro 15 Ryzen 3 7320U 15.6 inch Full HD | 8GB LPDDR5, 512GB SSD, Windows 11 Pro, Ms Office 21, Full Metal Body, Thin and lite laptop, 1.51 kg","49,990",3.9,Acer,8GB,512GB,N/A,N/A
"Apple 2026 MacBook Pro Laptop with M5 Max chip with 18‑core CPU and 32‑core GPU: Built for AI, 35.97 cm (14.2″) Liquid Retina XDR Display, 36GB Unified Memory, 2TB SSD Storage; Silver","4,75,490",5.0,Apple,36GB,2TB,Silver,N/A
"Apple 2026 MacBook Neo 13″ Laptop with A18 Pro chip: Built for AI and Apple Intelligence, Liquid Retina Display, 8GB Unified Memory, 256GB SSD Storage, 1080p FaceTime HD Camera; Silver","73,990",4.7,Apple,8GB,256GB,Silver,N/A
"Apple 2026 MacBook Air 13″ Laptop with M5 chip: AI and Apple Intelligence, 34.46 cm (13.6″) Liquid Retina Display, 24GB Unified Memory, 1TB SSD Storage, 12MP Center Stage Camera, Touch ID; Midnight","1,94,990",4.8,Apple,24GB,1TB,N/A,N/A
"Apple 2026 MacBook Neo 13″ Laptop with A18 Pro chip: Built for AI and Apple Intelligence, Liquid Retina Display, 8GB Unified Memory, 256GB SSD Storage, 1080p FaceTime HD Camera; Blush","73,990",4.8,Apple,8GB,256GB,N/A,N/A
"Dell Alienware 15 Gaming Laptop, AMD Ryzen R7 260 Processor, NVIDIA GeForce RTX 5050 8 GB GDDR7, 16GB:512GB SSD, 15.3"" WUXGA 165Hz 300 nits Display, Alienware Backlit Keyboard, Win 11 + MSO'24, 2.25kg","1,55,490",5.0,Dell,DDR7,512GB,N/A,AMD
"Apple 2026 MacBook Pro Laptop with M5 Pro chip with 18‑core CPU and 20‑core GPU: Built for AI, 41.05 cm (16.2″) Liquid Retina XDR Display, 24GB Unified Memory, 1TB SSD Storage; Space Black","3,42,490",4.5,Apple,24GB,1TB,Black,N/A
"Acer Pro 15 Ryzen 3 7320U 15.6 inch Full HD | 8GB LPDDR5, 512GB SSD, Windows 11 Pro, Ms Office 21, Full Metal Body, Thin and lite laptop, 1.51 kg","49,990",3.9,Acer,8GB,512GB,N/A,N/A
"Dell 15 SmartChoice (Previously Inspiron), Intel 13th Gen Core i5-1334U, 16GB, 1TB SSD, FHD,15.6""/39.62cm, Win 11, MSO'24, Silver, 1.62kg, [Dell 15], 12 Month McAfee, Backlit KB, Thin & Light Laptop","72,990",3.9,Dell,16GB,1TB,Silver,Intel
"Lenovo V14 Intel Core i3 13th Gen 14"" FHD (1920x1080) Antiglare 250 Nits Thin and Light Laptop (16GB RAM/512GB SSD/Windows 11 Home/Office Home 2024/Iron Grey/1.43 kg), 83A0A0PCIN","70,990",3.6,Lenovo,16GB,512GB,Grey,Intel
"Apple 2026 MacBook Pro Laptop with M5 Max chip with 18‑core CPU and 32‑core GPU: Built for AI, 35.97 cm (14.2″) Liquid Retina XDR Display, 36GB Unified Memory, 2TB SSD Storage; Silver","4,75,490",5.0,Apple,36GB,2TB,Silver,N/A
"Apple 2026 MacBook Neo 13″ Laptop with A18 Pro chip: Built for AI and Apple Intelligence, Liquid Retina Display, 8GB Unified Memory, 256GB SSD Storage, 1080p FaceTime HD Camera; Silver","73,990",4.7,Apple,8GB,256GB,Silver,N/A
"Dell 15 SmartChoice (Previously Inspiron), Intel 13th Gen Core i5-1334U, 16GB, 1TB SSD, FHD,15.6""/39.62cm, Win 11, MSO'24, Silver, 1.62kg, [Dell 15], 12 Month McAfee, Backlit KB, Thin & Light Laptop","72,990",3.9,Dell,16GB,1TB,Silver,Intel
"Apple 2026 MacBook Neo 13″ Laptop with A18 Pro chip: Built for AI and Apple Intelligence, Liquid Retina Display, 8GB Unified Memory, 256GB SSD Storage, 1080p FaceTime HD Camera; Blush","73,990",4.8,Apple,8GB,256GB,N/A,N/A
"Acer Pro 15 Ryzen 3 7320U 15.6 inch Full HD | 8GB LPDDR5, 512GB SSD, Windows 11 Pro, Ms Office 21, Full Metal Body, Thin and lite laptop, 1.51 kg","49,990",3.9,Acer,8GB,512GB,N/A,N/A
"Apple 2026 MacBook Air 13″ Laptop with M5 chip: AI and Apple Intelligence, 34.46 cm (13.6″) Liquid Retina Display, 24GB Unified Memory, 1TB SSD Storage, 12MP Center Stage Camera, Touch ID; Midnight","1,94,990",4.8,Apple,24GB,1TB,N/A,N/A
"Dell 15 (Previously Inspiron), R5-7520U Processor, 8GB LPDDR5 RAM, 512GB SSD, FHD 15.6""/39.62 cm Display, Windows 11 Home, Carbon Black, 1.63kg, Standard Keyboard, 15 Month McAfee, Thin & Light Laptop","53,990",2.0,Dell,8GB,512GB,Black,N/A
"Apple 2026 MacBook Pro Laptop with M5 Max chip with 18‑core CPU and 40‑core GPU: Built for AI, 41.05 cm (16.2″) Liquid Retina XDR Display, 48GB Unified Memory, 2TB SSD Storage; Space Black","5,89,990",4.3,Apple,48GB,2TB,Black,N/A
"Dell 15 (Previously Inspiron) Laptop, 14th Gen Intel Core i3/Core 3 100U Processor, 8GB DDR4, 512 SSD, 15.6"" FHD 120Hz IPS AG 250 nit Display, Win 11 + Office H&S 2024, Carbon Black, 1.63Kg","57,490",3.9,Dell,8GB,N/A,Black,Intel
"Dell 15 SmartChoice (Previously Inspiron), Intel 13th Gen Core i5-1334U, 16GB, 1TB SSD, FHD,15.6""/39.62cm, Win 11, MSO'24, Silver, 1.62kg, [Dell 15], 12 Month McAfee, Backlit KB, Thin & Light Laptop","72,990",3.9,Dell,16GB,1TB,Silver,Intel
"Apple 2026 MacBook Pro Laptop with M5 Pro chip with 15‑core CPU and 16‑core GPU: Built for AI, 35.97 cm (14.2″) Liquid Retina XDR Display, 24GB Unified Memory, 2TB SSD Storage; Silver","3,42,490",4.6,Apple,24GB,2TB,Silver,N/A
"Acer Pro 15 Ryzen 3 7320U 15.6 inch Full HD | 8GB LPDDR5, 512GB SSD, Windows 11 Pro, Ms Office 21, Full Metal Body, Thin and lite laptop, 1.51 kg","49,990",3.9,Acer,8GB,512GB,N/A,N/A
"Dell 15 AI Powered Laptop, Intel Core Ultra 5 225H, 16GB DDR5 RAM, 512GB SSD, 15.6"" FHD Anti-Glare Display, Intel Arc Graphics, Dedicated Copilot Key, Backlit Keyboard, Silver, Win11 Home + MSO H&S'24","87,990",4.2,Dell,16GB,512GB,Silver,Intel
"Lenovo V14 Intel Core i3 13th Gen 14"" FHD (1920x1080) Antiglare 250 Nits Thin and Light Laptop (16GB RAM/512GB SSD/Windows 11 Home/Office Home 2024/Iron Grey/1.43 kg), 83A0A0PCIN","70,990",3.6,Lenovo,16GB,512GB,Grey,Intel
"Dell 15 (Previously Inspiron), R5-7520U Processor, 8GB LPDDR5 RAM, 512GB SSD, FHD 15.6""/39.62 cm Display, Windows 11 Home, Carbon Black, 1.63kg, Standard Keyboard, 15 Month McAfee, Thin & Light Laptop","53,990",2.0,Dell,8GB,512GB,Black,N/A
"Dell 15 (Previously Inspiron) Laptop, 14th Gen Intel Core i3/Core 3 100U Processor, 16GB DDR4, 512 SSD, Intel UHD Graphics, 15.6"" FHD 120Hz IPS AG 250 nit Display, Win 11 + Office 2024, Black, 1.63Kg","62,490",4.0,Dell,16GB,N/A,Black,Intel
"Dell 15 (Previously Inspiron) Laptop, 14th Gen Intel Core i3/Core 3 100U Processor, 8GB DDR4, 512 SSD, 15.6"" FHD 120Hz IPS AG 250 nit Display, Win 11 + Office H&S 2024, Carbon Black, 1.63Kg","57,490",3.9,Dell,8GB,N/A,Black,Intel
"Dell 15 AI Powered Laptop, Intel Core Ultra 5 225H, 8GB DDR5 RAM, 512GB SSD, 15.6"" FHD Anti-Glare Display, Intel Arc Graphics, Standard Keyboard, Dedicated Copilot Key, Black, Win11 Home + MSO H&S'24","73,490",2.5,Dell,8GB,512GB,Black,Intel
"Apple 2026 MacBook Pro Laptop with M5 Pro chip with 15‑core CPU and 16‑core GPU: Built for AI, 35.97 cm (14.2″) Liquid Retina XDR Display, 24GB Unified Memory, 2TB SSD Storage; Silver","3,42,490",4.6,Apple,24GB,2TB,Silver,N/A
"Apple 2026 MacBook Air 13″ Laptop with M5 chip: AI and Apple Intelligence, 34.46 cm (13.6″) Liquid Retina Display, 24GB Unified Memory, 1TB SSD Storage, 12MP Center Stage Camera, Touch ID; Midnight","1,94,990",4.8,Apple,24GB,1TB,N/A,N/A
"Apple 2026 MacBook Neo 13″ Laptop with A18 Pro chip: Built for AI and Apple Intelligence, Liquid Retina Display, 8GB Unified Memory, 256GB SSD Storage, 1080p FaceTime HD Camera; Silver","73,990",4.7,Apple,8GB,256GB,Silver,N/A
"Dell 15 SmartChoice (Previously Inspiron), Intel 13th Gen Core i5-1334U, 16GB, 1TB SSD, FHD,15.6""/39.62cm, Win 11, MSO'24, Silver, 1.62kg, [Dell 15], 12 Month McAfee, Backlit KB, Thin & Light Laptop","72,990",3.9,Dell,16GB,1TB,Silver,Intel
"Dell 15 (Previously Inspiron), R5-7520U Processor, 8GB LPDDR5 RAM, 512GB SSD, FHD 15.6""/39.62 cm Display, Windows 11 Home, Carbon Black, 1.63kg, Standard Keyboard, 15 Month McAfee, Thin & Light Laptop","53,990",2.0,Dell,8GB,512GB,Black,N/A
"HP 15, Intel Core 5-120U (16GB DDR4, 512GB SSD) FHD, Anti-Glare, Micro-Edge, 15.6''/39.6cm, Win11, M365 Basic(1yr), Office Home24, Silver,1.59kg, fd0682tu, FHD Camera w/Shutter, BL Laptop","68,699",3.0,HP,16GB,512GB,Silver,Intel
"Lenovo V14 Intel Core i3 13th Gen 14"" FHD (1920x1080) Antiglare 250 Nits Thin and Light Laptop (16GB RAM/512GB SSD/Windows 11 Home/Office Home 2024/Iron Grey/1.43 kg), 83A0A0PCIN","70,990",3.6,Lenovo,16GB,512GB,Grey,Intel
"Acer Pro 15 Ryzen 3 7320U 15.6 inch Full HD | 8GB LPDDR5, 512GB SSD, Windows 11 Pro, Ms Office 21, Full Metal Body, Thin and lite laptop, 1.51 kg","49,990",3.9,Acer,8GB,512GB,N/A,N/A
"HP 14, 13th Gen Intel Core i5-1334U Laptop (16GB DDR4,512GB SSD) Anti-Glare, Micro-Edge, 14/35.6cm, FHD, Win11, M365 Basic(1yr),Office Home24, Silver,1.4kg, FHD Camera w/Privacy Shutter,ep0340TU","1,64,990",3.0,HP,16GB,512GB,Silver,Intel
"Apple 2026 MacBook Pro Laptop with M5 Pro chip with 15‑core CPU and 16‑core GPU: Built for AI, 35.97 cm (14.2″) Liquid Retina XDR Display, 24GB Unified Memory, 2TB SSD Storage; Silver","3,42,490",4.6,Apple,24GB,2TB,Silver,N/A
"Apple 2026 MacBook Air 13″ Laptop with M5 chip: AI and Apple Intelligence, 34.46 cm (13.6″) Liquid Retina Display, 24GB Unified Memory, 1TB SSD Storage, 12MP Center Stage Camera, Touch ID; Midnight","1,94,990",4.8,Apple,24GB,1TB,N/A,N/A
"Apple 2026 MacBook Neo 13″ Laptop with A18 Pro chip: Built for AI and Apple Intelligence, Liquid Retina Display, 8GB Unified Memory, 256GB SSD Storage, 1080p FaceTime HD Camera; Silver","73,990",4.7,Apple,8GB,256GB,Silver,N/A
"Dell 15 SmartChoice (Previously Inspiron), Intel 13th Gen Core i5-1334U, 16GB, 1TB SSD, FHD,15.6""/39.62cm, Win 11, MSO'24, Silver, 1.62kg, [Dell 15], 12 Month McAfee, Backlit KB, Thin & Light Laptop","72,990",3.9,Dell,16GB,1TB,Silver,Intel
"Dell 15 (Previously Inspiron), R5-7520U Processor, 8GB LPDDR5 RAM, 512GB SSD, FHD 15.6""/39.62 cm Display, Windows 11 Home, Carbon Black, 1.63kg, Standard Keyboard, 15 Month McAfee, Thin & Light Laptop","53,990",2.0,Dell,8GB,512GB,Black,N/A
"Lenovo V14 Intel Core i3 13th Gen 14"" FHD (1920x1080) Antiglare 250 Nits Thin and Light Laptop (16GB RAM/512GB SSD/Windows 11 Home/Office Home 2024/Iron Grey/1.43 kg), 83A0A0PCIN","70,990",3.6,Lenovo,16GB,512GB,Grey,Intel
"Dell 15 AI Powered Laptop, Intel Core Ultra 5 225H, 16GB DDR5 RAM, 512GB SSD, 15.6"" FHD Anti-Glare Display, Intel Arc Graphics, Dedicated Copilot Key, Backlit Keyboard, Silver, Win11 Home + MSO H&S'24","87,990",4.2,Dell,16GB,512GB,Silver,Intel
"Acer Pro 15 Ryzen 3 7320U 15.6 inch Full HD | 8GB LPDDR5, 512GB SSD, Windows 11 Pro, Ms Office 21, Full Metal Body, Thin and lite laptop, 1.51 kg","49,990",3.9,Acer,8GB,512GB,N/A,N/A
"Dell 15 (Previously Inspiron) Laptop, 14th Gen Intel Core i3/Core 3 100U Processor, 8GB DDR4, 512 SSD, 15.6"" FHD 120Hz IPS AG 250 nit Display, Win 11 + Office H&S 2024, Carbon Black, 1.63Kg","57,490",3.9,Dell,8GB,N/A,Black,Intel
"Apple 2026 MacBook Pro Laptop with M5 Max chip with 18‑core CPU and 32‑core GPU: Built for AI, 35.97 cm (14.2″) Liquid Retina XDR Display, 36GB Unified Memory, 2TB SSD Storage; Silver","4,75,490",5.0,Apple,36GB,2TB,Silver,N/A
"Acer Pro 15 Ryzen 3 7320U 15.6 inch Full HD | 8GB LPDDR5, 512GB SSD, Windows 11 Pro, Ms Office 21, Full Metal Body, Thin and lite laptop, 1.51 kg","49,990",3.9,Acer,8GB,512GB,N/A,N/A
"Apple 2026 MacBook Neo 13″ Laptop with A18 Pro chip: Built for AI and Apple Intelligence, Liquid Retina Display, 8GB Unified Memory, 256GB SSD Storage, 1080p FaceTime HD Camera; Silver","73,990",4.7,Apple,8GB,256GB,Silver,N/A
"Dell Alienware 15 Gaming Laptop, AMD Ryzen R7 260 Processor, NVIDIA GeForce RTX 5050 8 GB GDDR7, 16GB:512GB SSD, 15.3"" WUXGA 165Hz 300 nits Display, Alienware Backlit Keyboard, Win 11 + MSO'24, 2.25kg","1,55,490",5.0,Dell,DDR7,512GB,N/A,AMD
"Dell 15 SmartChoice (Previously Inspiron), Intel 13th Gen Core i5-1334U, 16GB, 1TB SSD, FHD,15.6""/39.62cm, Win 11, MSO'24, Silver, 1.62kg, [Dell 15], 12 Month McAfee, Backlit KB, Thin & Light Laptop","72,990",3.9,Dell,16GB,1TB,Silver,Intel
"Lenovo V14 Intel Core i3 13th Gen 14"" FHD (1920x1080) Antiglare 250 Nits Thin and Light Laptop (16GB RAM/512GB SSD/Windows 11 Home/Office Home 2024/Iron Grey/1.43 kg), 83A0A0PCIN","70,990",3.6,Lenovo,16GB,512GB,Grey,Intel
"Apple 2026 MacBook Pro Laptop with M5 Max chip with 18‑core CPU and 40‑core GPU: Built for AI, 41.05 cm (16.2″) Liquid Retina XDR Display, 48GB Unified Memory, 2TB SSD Storage; Space Black","5,89,990",4.3,Apple,48GB,2TB,Black,N/A
"Apple 2026 MacBook Neo 13″ Laptop with A18 Pro chip: Built for AI and Apple Intelligence, Liquid Retina Display, 8GB Unified Memory, 256GB SSD Storage, 1080p FaceTime HD Camera; Blush","73,990",4.8,Apple,8GB,256GB,N/A,N/A
"Dell 15 (Previously Inspiron), R5-7520U Processor, 8GB LPDDR5 RAM, 512GB SSD, FHD 15.6""/39.62 cm Display, Windows 11 Home, Carbon Black, 1.63kg, Standard Keyboard, 15 Month McAfee, Thin & Light Laptop","53,990",2.0,Dell,8GB,512GB,Black,N/A
"Apple 2026 MacBook Pro Laptop with M5 Pro chip with 15‑core CPU and 16‑core GPU: Built for AI, 35.97 cm (14.2″) Liquid Retina XDR Display, 24GB Unified Memory, 2TB SSD Storage; Silver","3,42,490",4.6,Apple,24GB,2TB,Silver,N/A
"Apple 2026 MacBook Air 13″ Laptop with M5 chip: AI and Apple Intelligence, 34.46 cm (13.6″) Liquid Retina Display, 24GB Unified Memory, 1TB SSD Storage, 12MP Center Stage Camera, Touch ID; Midnight","1,94,990",4.8,Apple,24GB,1TB,N/A,N/A
"Apple 2026 MacBook Neo 13″ Laptop with A18 Pro chip: Built for AI and Apple Intelligence, Liquid Retina Display, 8GB Unified Memory, 256GB SSD Storage, 1080p FaceTime HD Camera; Silver","73,990",4.7,Apple,8GB,256GB,Silver,N/A
"Dell 15 (Previously Inspiron) Laptop, 14th Gen Intel Core i3/Core 3 100U Processor, 8GB DDR4, 512 SSD, 15.6"" FHD 120Hz IPS AG 250 nit Display, Win 11 + Office H&S 2024, Carbon Black, 1.63Kg","57,490",3.9,Dell,8GB,N/A,Black,Intel
"Dell 15 SmartChoice (Previously Inspiron), Intel 13th Gen Core i5-1334U, 16GB, 1TB SSD, FHD,15.6""/39.62cm, Win 11, MSO'24, Silver, 1.62kg, [Dell 15], 12 Month McAfee, Backlit KB, Thin & Light Laptop","72,990",3.9,Dell,16GB,1TB,Silver,Intel
"Dell 15 (Previously Inspiron), R5-7520U Processor, 8GB LPDDR5 RAM, 512GB SSD, FHD 15.6""/39.62 cm Display, Windows 11 Home, Carbon Black, 1.63kg, Standard Keyboard, 15 Month McAfee, Thin & Light Laptop","53,990",2.0,Dell,8GB,512GB,Black,N/A
"Lenovo V14 Intel Core i3 13th Gen 14"" FHD (1920x1080) Antiglare 250 Nits Thin and Light Laptop (16GB RAM/512GB SSD/Windows 11 Home/Office Home 2024/Iron Grey/1.43 kg), 83A0A0PCIN","70,990",3.6,Lenovo,16GB,512GB,Grey,Intel
"Dell 15 (Previously Inspiron) Laptop, 14th Gen Intel Core i3/Core 3 100U Processor, 16GB DDR4, 512 SSD, Intel UHD Graphics, 15.6"" FHD 120Hz IPS AG 250 nit Display, Win 11 + Office 2024, Black, 1.63Kg","62,490",4.0,Dell,16GB,N/A,Black,Intel
"Acer Pro 15 Ryzen 3 7320U 15.6 inch Full HD | 8GB LPDDR5, 512GB SSD, Windows 11 Pro, Ms Office 21, Full Metal Body, Thin and lite laptop, 1.51 kg","49,990",3.9,Acer,8GB,512GB,N/A,N/A
"Apple 2026 MacBook Pro Laptop with M5 Pro chip with 15‑core CPU and 16‑core GPU: Built for AI, 35.97 cm (14.2″) Liquid Retina XDR Display, 24GB Unified Memory, 2TB SSD Storage; Silver","3,42,490",4.6,Apple,24GB,2TB,Silver,N/A
"Apple 2026 MacBook Air 13″ Laptop with M5 chip: AI and Apple Intelligence, 34.46 cm (13.6″) Liquid Retina Display, 24GB Unified Memory, 1TB SSD Storage, 12MP Center Stage Camera, Touch ID; Midnight","1,94,990",4.8,Apple,24GB,1TB,N/A,N/A
"Apple 2026 MacBook Neo 13″ Laptop with A18 Pro chip: Built for AI and Apple Intelligence, Liquid Retina Display, 8GB Unified Memory, 256GB SSD Storage, 1080p FaceTime HD Camera; Silver","73,990",4.7,Apple,8GB,256GB,Silver,N/A
"Lenovo V14 Intel Core i3 13th Gen 14"" FHD (1920x1080) Antiglare 250 Nits Thin and Light Laptop (16GB RAM/512GB SSD/Windows 11 Home/Office Home 2024/Iron Grey/1.43 kg), 83A0A0PCIN","70,990",3.6,Lenovo,16GB,512GB,Grey,Intel
"Dell 15 (Previously Inspiron), R5-7520U Processor, 8GB LPDDR5 RAM, 512GB SSD, FHD 15.6""/39.62 cm Display, Windows 11 Home, Carbon Black, 1.63kg, Standard Keyboard, 15 Month McAfee, Thin & Light Laptop","53,990",2.0,Dell,8GB,512GB,Black,N/A
"Dell 15 (Previously Inspiron) Laptop, 14th Gen Intel Core i3/Core 3 100U Processor, 8GB DDR4, 512 SSD, 15.6"" FHD 120Hz IPS AG 250 nit Display, Win 11 + Office H&S 2024, Carbon Black, 1.63Kg","57,490",3.9,Dell,8GB,N/A,Black,Intel
"Dell 15 SmartChoice (Previously Inspiron), Intel 13th Gen Core i5-1334U, 16GB, 1TB SSD, FHD,15.6""/39.62cm, Win 11, MSO'24, Silver, 1.62kg, [Dell 15], 12 Month McAfee, Backlit KB, Thin & Light Laptop","72,990",3.9,Dell,16GB,1TB,Silver,Intel
"Lenovo IdeaPad Slim 3 AMD Ryzen 5 40 15.6"" (39.6cm) FHD Thin and Light Laptop (16GB RAM/512GB SSD/Backlit Keyboard/Windows 11/Microsoft 365 Basic + Office 2024/Grey/1.6Kg), 82XQ01HQIN","68,490",3.9,Lenovo,16GB,512GB,Grey,AMD
"Acer Pro 15 Ryzen 3 7320U 15.6 inch Full HD | 8GB LPDDR5, 512GB SSD, Windows 11 Pro, Ms Office 21, Full Metal Body, Thin and lite laptop, 1.51 kg","49,990",3.9,Acer,8GB,512GB,N/A,N/A
"Apple 2026 MacBook Pro Laptop with M5 Pro chip with 15‑core CPU and 16‑core GPU: Built for AI, 35.97 cm (14.2″) Liquid Retina XDR Display, 24GB Unified Memory, 2TB SSD Storage; Silver","3,42,490",4.6,Apple,24GB,2TB,Silver,N/A
"Dell 15 (Previously Inspiron), R5-7520U Processor, 8GB LPDDR5 RAM, 512GB SSD, FHD 15.6""/39.62 cm Display, Windows 11 Home, Carbon Black, 1.63kg, Standard Keyboard, 15 Month McAfee, Thin & Light Laptop","53,990",2.0,Dell,8GB,512GB,Black,N/A
"Lenovo V14 Intel Core i3 13th Gen 14"" FHD (1920x1080) Antiglare 250 Nits Thin and Light Laptop (16GB RAM/512GB SSD/Windows 11 Home/Office Home 2024/Iron Grey/1.43 kg), 83A0A0PCIN","70,990",3.6,Lenovo,16GB,512GB,Grey,Intel
"Dell 15 SmartChoice (Previously Inspiron), Intel 13th Gen Core i5-1334U, 16GB, 1TB SSD, FHD,15.6""/39.62cm, Win 11, MSO'24, Silver, 1.62kg, [Dell 15], 12 Month McAfee, Backlit KB, Thin & Light Laptop","72,990",3.9,Dell,16GB,1TB,Silver,Intel
"HP 15, Intel Core 5-120U (16GB DDR4, 512GB SSD) FHD, Anti-Glare, Micro-Edge, 15.6''/39.6cm, Win11, M365 Basic(1yr), Office Home24, Silver,1.59kg, fd0682tu, FHD Camera w/Shutter, BL Laptop","68,699",3.0,HP,16GB,512GB,Silver,Intel
"ASUS Vivobook 15 (2026),Intel Core 5 320 (Series 3-Latest Gen),Fingerprint Sensor,Intel iGPU,16GB/512GB,FHD,15.6""(39.6 cm),Win 11,M365 Basic(1Y),Office 24,Terra Cotta,1.7 Kg,X1504MA-BQ426WS, AI Laptop","1,01,990",N/A,ASUS,16GB,N/A,N/A,Intel
"HP 15 (i5 14th Gen), Intel Core 5, 16GB RAM (Upgradeable), 512GB SSD, FHD, Anti-Glare, 15.6''/39.6cm, Win11, M365 Basic(1yr), Office24, Silver,1.59kg, fd0682tu, FHD Camera w/Shutter, Backlit Laptop","75,990",3.6,HP,16GB,512GB,Silver,Intel
"HP Omnibook 3, Snapdragon X Processor 45 Tops (16GB LPDDR5x,512GB SSD) 2K WUXGA, 14''/35.6cm, Win 11, M365*Office 24,Silver,1.42kg, hz0026QU/ hz0024QU, Lighter mini Charger, FHD IR Camera, AI Laptop","69,990",3.4,HP,16GB,512GB,Silver,Snapdragon
"Dell 15 AI Powered Laptop, Intel Core Ultra 5 225H, 16GB DDR5 RAM, 512GB SSD, 15.6"" FHD Anti-Glare Display, Intel Arc Graphics, Dedicated Copilot Key, Backlit Keyboard, Silver, Win11 Home + MSO H&S'24","87,990",4.2,Dell,16GB,512GB,Silver,Intel
"Apple 2026 MacBook Pro Laptop with M5 Pro chip with 15‑core CPU and 16‑core GPU: Built for AI, 35.97 cm (14.2″) Liquid Retina XDR Display, 24GB Unified Memory, 2TB SSD Storage; Silver","3,42,490",4.6,Apple,24GB,2TB,Silver,N/A
"Apple 2026 MacBook Air 13″ Laptop with M5 chip: AI and Apple Intelligence, 34.46 cm (13.6″) Liquid Retina Display, 24GB Unified Memory, 1TB SSD Storage, 12MP Center Stage Camera, Touch ID; Midnight","1,94,990",4.8,Apple,24GB,1TB,N/A,N/A
"Apple 2026 MacBook Neo 13″ Laptop with A18 Pro chip: Built for AI and Apple Intelligence, Liquid Retina Display, 8GB Unified Memory, 256GB SSD Storage, 1080p FaceTime HD Camera; Silver","73,990",4.7,Apple,8GB,256GB,Silver,N/A
"Dell 15 SmartChoice (Previously Inspiron), Intel 13th Gen Core i5-1334U, 16GB, 1TB SSD, FHD,15.6""/39.62cm, Win 11, MSO'24, Silver, 1.62kg, [Dell 15], 12 Month McAfee, Backlit KB, Thin & Light Laptop","72,990",3.9,Dell,16GB,1TB,Silver,Intel
"Dell 15 (Previously Inspiron), R5-7520U Processor, 8GB LPDDR5 RAM, 512GB SSD, FHD 15.6""/39.62 cm Display, Windows 11 Home, Carbon Black, 1.63kg, Standard Keyboard, 15 Month McAfee, Thin & Light Laptop","53,990",2.0,Dell,8GB,512GB,Black,N/A
"Dell 15 (Previously Inspiron) Laptop, 14th Gen Intel Core i3/Core 3 100U Processor, 8GB DDR4, 512 SSD, 15.6"" FHD 120Hz IPS AG 250 nit Display, Win 11 + Office H&S 2024, Carbon Black, 1.63Kg","57,490",3.9,Dell,8GB,N/A,Black,Intel
"Lenovo V14 Intel Core i3 13th Gen 14"" FHD (1920x1080) Antiglare 250 Nits Thin and Light Laptop (16GB RAM/512GB SSD/Windows 11 Home/Office Home 2024/Iron Grey/1.43 kg), 83A0A0PCIN","70,990",3.6,Lenovo,16GB,512GB,Grey,Intel
"Apple 2026 MacBook Pro Laptop with M5 Max chip with 18‑core CPU and 40‑core GPU: Built for AI, 41.05 cm (16.2″) Liquid Retina XDR Display, 48GB Unified Memory, 2TB SSD Storage; Space Black","5,89,990",4.3,Apple,48GB,2TB,Black,N/A
"Apple 2026 MacBook Air 15″ Laptop with M5 chip: AI and Apple Intelligence, 38.91 cm (15.3″) Liquid Retina Display, 16GB Unified Memory, 1TB SSD Storage, 12MP Center Stage Camera, Touch ID; Silver","2,00,490",4.7,Apple,16GB,1TB,Silver,N/A
"Apple 2026 MacBook Pro Laptop with M5 Max chip with 18‑core CPU and 32‑core GPU: Built for AI, 35.97 cm (14.2″) Liquid Retina XDR Display, 36GB Unified Memory, 2TB SSD Storage; Space Black","4,64,490",5.0,Apple,36GB,2TB,Black,N/A
"Apple 2026 MacBook Air 13″ Laptop with M5 chip: AI and Apple Intelligence, 34.46 cm (13.6″) Liquid Retina Display, 24GB Unified Memory, 1TB SSD Storage, 12MP Center Stage Camera, Touch ID; Midnight","1,94,990",4.8,Apple,24GB,1TB,N/A,N/A
"Apple 2026 MacBook Neo 13″ Laptop with A18 Pro chip: Built for AI and Apple Intelligence, Liquid Retina Display, 8GB Unified Memory, 256GB SSD Storage, 1080p FaceTime HD Camera; Silver","73,990",4.7,Apple,8GB,256GB,Silver,N/A
"Apple 2026 MacBook Pro Laptop with M5 Max chip with 18‑core CPU and 40‑core GPU: Built for AI, 41.05 cm (16.2″) Liquid Retina XDR Display, 48GB Unified Memory, 2TB SSD Storage; Space Black","5,89,990",4.3,Apple,48GB,2TB,Black,N/A
"Apple 2026 MacBook Air 15″ Laptop with M5 chip: AI and Apple Intelligence, 38.91 cm (15.3″) Liquid Retina Display, 16GB Unified Memory, 1TB SSD Storage, 12MP Center Stage Camera, Touch ID; Silver","2,00,490",4.7,Apple,16GB,1TB,Silver,N/A
"Apple 2026 MacBook Neo 13"" Laptop with A18 Pro chip: Built for AI and Apple Intelligence, Liquid Retina Display, 8GB Unified Memory, 512GB SSD Storage, 1080p FaceTime HD Camera, Touch ID; Blush","83,490",4.8,Apple,8GB,512GB,N/A,N/A
"Dell 15 SmartChoice (Previously Inspiron), Intel 13th Gen Core i5-1334U, 16GB, 1TB SSD, FHD,15.6""/39.62cm, Win 11, MSO'24, Silver, 1.62kg, [Dell 15], 12 Month McAfee, Backlit KB, Thin & Light Laptop","72,990",3.9,Dell,16GB,1TB,Silver,Intel
"Dell 15 (Previously Inspiron) Laptop, 14th Gen Intel Core i3/Core 3 100U Processor, 8GB DDR4, 512 SSD, 15.6"" FHD 120Hz IPS AG 250 nit Display, Win 11 + Office H&S 2024, Carbon Black, 1.63Kg","57,490",3.9,Dell,8GB,N/A,Black,Intel
"Lenovo V14 Intel Core i3 13th Gen 14"" FHD (1920x1080) Antiglare 250 Nits Thin and Light Laptop (16GB RAM/512GB SSD/Windows 11 Home/Office Home 2024/Iron Grey/1.43 kg), 83A0A0PCIN","70,990",3.6,Lenovo,16GB,512GB,Grey,Intel
"Apple 2026 MacBook Pro Laptop with M5 Max chip with 18‑core CPU and 32‑core GPU: Built for AI, 35.97 cm (14.2″) Liquid Retina XDR Display, 36GB Unified Memory, 2TB SSD Storage; Space Black","4,64,490",5.0,Apple,36GB,2TB,Black,N/A
"Acer Pro 15 Ryzen 3 7320U 15.6 inch Full HD | 8GB LPDDR5, 512GB SSD, Windows 11 Pro, Ms Office 21, Full Metal Body, Thin and lite laptop, 1.51 kg","49,990",3.9,Acer,8GB,512GB,N/A,N/A
"Apple 2026 MacBook Air 13″ Laptop with M5 chip: AI and Apple Intelligence, 34.46 cm (13.6″) Liquid Retina Display, 24GB Unified Memory, 1TB SSD Storage, 12MP Center Stage Camera, Touch ID; Midnight","1,94,990",4.8,Apple,24GB,1TB,N/A,N/A
"HP 14, 13th Gen Intel Core i5-1334U Laptop (16GB DDR4,512GB SSD) Anti-Glare, Micro-Edge, 14/35.6cm, FHD, Win11, M365 Basic(1yr),Office Home24, Silver,1.4kg, FHD Camera w/Privacy Shutter,ep0340TU","1,64,990",3.0,HP,16GB,512GB,Silver,Intel
"HP Omnibook 3, Snapdragon X Processor 45 Tops (16GB LPDDR5x,512GB SSD) 2K WUXGA, 14''/35.6cm, Win 11, M365*Office 24,Silver,1.42kg, hz0026QU/ hz0024QU, Lighter mini Charger, FHD IR Camera, AI Laptop","69,990",3.4,HP,16GB,512GB,Silver,Snapdragon
"Dell 15 SmartChoice (Previously Inspiron), Intel 13th Gen Core i5-1334U, 16GB, 1TB SSD, FHD,15.6""/39.62cm, Win 11, MSO'24, Silver, 1.62kg, [Dell 15], 12 Month McAfee, Backlit KB, Thin & Light Laptop","72,990",3.9,Dell,16GB,1TB,Silver,Intel
"Apple 2026 MacBook Neo 13″ Laptop with A18 Pro chip: Built for AI and Apple Intelligence, Liquid Retina Display, 8GB Unified Memory, 256GB SSD Storage, 1080p FaceTime HD Camera; Silver","73,990",4.7,Apple,8GB,256GB,Silver,N/A
"Apple 2026 MacBook Pro Laptop with M5 Max chip with 18‑core CPU and 40‑core GPU: Built for AI, 41.05 cm (16.2″) Liquid Retina XDR Display, 48GB Unified Memory, 2TB SSD Storage; Space Black","5,89,990",4.3,Apple,48GB,2TB,Black,N/A
"Apple 2026 MacBook Air 15″ Laptop with M5 chip: AI and Apple Intelligence, 38.91 cm (15.3″) Liquid Retina Display, 16GB Unified Memory, 1TB SSD Storage, 12MP Center Stage Camera, Touch ID; Silver","2,00,490",4.7,Apple,16GB,1TB,Silver,N/A
"Apple 2026 MacBook Pro Laptop with M5 Max chip with 18‑core CPU and 32‑core GPU: Built for AI, 35.97 cm (14.2″) Liquid Retina XDR Display, 36GB Unified Memory, 2TB SSD Storage; Space Black","4,64,490",5.0,Apple,36GB,2TB,Black,N/A
"Apple 2026 MacBook Neo 13″ Laptop with A18 Pro chip: Built for AI and Apple Intelligence, Liquid Retina Display, 8GB Unified Memory, 256GB SSD Storage, 1080p FaceTime HD Camera; Silver","73,990",4.7,Apple,8GB,256GB,Silver,N/A
"Apple 2026 MacBook Neo 13″ Laptop with A18 Pro chip: Built for AI and Apple Intelligence, Liquid Retina Display, 8GB Unified Memory, 256GB SSD Storage, 1080p FaceTime HD Camera; Blush","73,990",4.8,Apple,8GB,256GB,N/A,N/A
"Apple 2026 MacBook Pro Laptop with M5 Max chip with 18‑core CPU and 32‑core GPU: Built for AI, 41.05 cm (16.2″) Liquid Retina XDR Display, 36GB Unified Memory, 2TB SSD Storage; Silver","5,13,990",2.4,Apple,36GB,2TB,Silver,N/A
"Apple 2026 MacBook Air 13″ Laptop with M5 chip: AI and Apple Intelligence, 34.46 cm (13.6″) Liquid Retina Display, 24GB Unified Memory, 1TB SSD Storage, 12MP Center Stage Camera, Touch ID; Midnight","1,94,990",4.8,Apple,24GB,1TB,N/A,N/A
"Dell 15 SmartChoice (Previously Inspiron), Intel 13th Gen Core i5-1334U, 16GB, 1TB SSD, FHD,15.6""/39.62cm, Win 11, MSO'24, Silver, 1.62kg, [Dell 15], 12 Month McAfee, Backlit KB, Thin & Light Laptop","72,990",3.9,Dell,16GB,1TB,Silver,Intel
"Dell 15 (Previously Inspiron), R5-7520U Processor, 8GB LPDDR5 RAM, 512GB SSD, FHD 15.6""/39.62 cm Display, Windows 11 Home, Carbon Black, 1.63kg, Standard Keyboard, 15 Month McAfee, Thin & Light Laptop","53,990",2.0,Dell,8GB,512GB,Black,N/A
"Apple 2026 MacBook Air 15″ Laptop with M5 chip: AI and Apple Intelligence, 38.91 cm (15.3″) Liquid Retina Display, 16GB Unified Memory, 1TB SSD Storage, 12MP Center Stage Camera, Touch ID; Silver","2,00,490",4.7,Apple,16GB,1TB,Silver,N/A
"Lenovo V14 Intel Core i3 13th Gen 14"" FHD (1920x1080) Antiglare 250 Nits Thin and Light Laptop (16GB RAM/512GB SSD/Windows 11 Home/Office Home 2024/Iron Grey/1.43 kg), 83A0A0PCIN","70,990",3.6,Lenovo,16GB,512GB,Grey,Intel
"HP 15, Intel Core 5-120U (16GB DDR4, 512GB SSD) FHD, Anti-Glare, Micro-Edge, 15.6''/39.6cm, Win11, M365 Basic(1yr), Office Home24, Silver,1.59kg, fd0682tu, FHD Camera w/Shutter, BL Laptop","68,699",3.0,HP,16GB,512GB,Silver,Intel
"Apple 2026 MacBook Pro Laptop with M5 Max chip with 18‑core CPU and 32‑core GPU: Built for AI, 35.97 cm (14.2″) Liquid Retina XDR Display, 36GB Unified Memory, 2TB SSD Storage; Space Black","4,64,490",5.0,Apple,36GB,2TB,Black,N/A
"Dell 15 (Previously Inspiron), R5-7520U Processor, 8GB LPDDR5 RAM, 512GB SSD, FHD 15.6""/39.62 cm Display, Windows 11 Home, Carbon Black, 1.63kg, Standard Keyboard, 15 Month McAfee, Thin & Light Laptop","53,990",2.0,Dell,8GB,512GB,Black,N/A
"Dell 15 (Previously Inspiron) Laptop, 14th Gen Intel Core i3/Core 3 100U Processor, 8GB DDR4, 512 SSD, 15.6"" FHD 120Hz IPS AG 250 nit Display, Win 11 + Office H&S 2024, Carbon Black, 1.63Kg","57,490",3.9,Dell,8GB,N/A,Black,Intel
"HP Omnibook 3, Snapdragon X Processor 45 Tops (16GB LPDDR5x,512GB SSD) 2K WUXGA, 14''/35.6cm, Win 11, M365*Office 24,Silver,1.42kg, hz0026QU/ hz0024QU, Lighter mini Charger, FHD IR Camera, AI Laptop","69,990",3.4,HP,16GB,512GB,Silver,Snapdragon
"Dell 15 SmartChoice (Previously Inspiron), Intel 13th Gen Core i5-1334U, 16GB, 1TB SSD, FHD,15.6""/39.62cm, Win 11, MSO'24, Silver, 1.62kg, [Dell 15], 12 Month McAfee, Backlit KB, Thin & Light Laptop","72,990",3.9,Dell,16GB,1TB,Silver,Intel
"Lenovo V14 Intel Core i3 13th Gen 14"" FHD (1920x1080) Antiglare 250 Nits Thin and Light Laptop (16GB RAM/512GB SSD/Windows 11 Home/Office Home 2024/Iron Grey/1.43 kg), 83A0A0PCIN","70,990",3.6,Lenovo,16GB,512GB,Grey,Intel
"HP 15 (i5 14th Gen), Intel Core 5, 16GB RAM (Upgradeable), 512GB SSD, FHD, Anti-Glare, 15.6''/39.6cm, Win11, M365 Basic(1yr), Office24, Silver,1.59kg, fd0682tu, FHD Camera w/Shutter, Backlit Laptop","75,990",3.6,HP,16GB,512GB,Silver,Intel
"Dell 15 (Previously Inspiron) Laptop, 14th Gen Intel Core i3/Core 3 100U Processor, 16GB DDR4, 512 SSD, Intel UHD Graphics, 15.6"" FHD 120Hz IPS AG 250 nit Display, Win 11 + Office 2024, Black, 1.63Kg","62,490",4.0,Dell,16GB,N/A,Black,Intel
"Apple 2026 MacBook Neo 13″ Laptop with A18 Pro chip: Built for AI and Apple Intelligence, Liquid Retina Display, 8GB Unified Memory, 256GB SSD Storage, 1080p FaceTime HD Camera; Silver","73,990",4.7,Apple,8GB,256GB,Silver,N/A
"Apple 2026 MacBook Neo 13″ Laptop with A18 Pro chip: Built for AI and Apple Intelligence, Liquid Retina Display, 8GB Unified Memory, 256GB SSD Storage, 1080p FaceTime HD Camera; Blush","73,990",4.8,Apple,8GB,256GB,N/A,N/A
"Apple 2026 MacBook Pro Laptop with M5 Max chip with 18‑core CPU and 32‑core GPU: Built for AI, 35.97 cm (14.2″) Liquid Retina XDR Display, 36GB Unified Memory, 2TB SSD Storage; Space Black","4,64,490",5.0,Apple,36GB,2TB,Black,N/A
"Apple 2026 MacBook Pro Laptop with M5 Max chip with 18‑core CPU and 40‑core GPU: Built for AI, 41.05 cm (16.2″) Liquid Retina XDR Display, 48GB Unified Memory, 2TB SSD Storage; Space Black","5,89,990",4.3,Apple,48GB,2TB,Black,N/A
"Apple 2026 MacBook Air 13″ Laptop with M5 chip: AI and Apple Intelligence, 34.46 cm (13.6″) Liquid Retina Display, 24GB Unified Memory, 1TB SSD Storage, 12MP Center Stage Camera, Touch ID; Midnight","1,94,990",4.8,Apple,24GB,1TB,N/A,N/A
"Dell Alienware 15 Gaming Laptop, AMD Ryzen R7 260 Processor, NVIDIA GeForce RTX 5060 8 GB GDDR7, 16GB:512GB SSD, 15.3"" WUXGA 165Hz 300 nits Display, Alienware Backlit Keyboard, Win 11 + MSO'24, 2.25kg","1,67,490",5.0,Dell,DDR7,512GB,N/A,AMD
"HP Omnibook 3, Snapdragon X Processor 45 Tops (16GB LPDDR5x,512GB SSD) 2K WUXGA, 14''/35.6cm, Win 11, M365*Office 24,Silver,1.42kg, hz0026QU/ hz0024QU, Lighter mini Charger, FHD IR Camera, AI Laptop","69,990",3.4,HP,16GB,512GB,Silver,Snapdragon
"Apple 2026 MacBook Air 15″ Laptop with M5 chip: AI and Apple Intelligence, 38.91 cm (15.3″) Liquid Retina Display, 16GB Unified Memory, 1TB SSD Storage, 12MP Center Stage Camera, Touch ID; Silver","2,00,490",4.7,Apple,16GB,1TB,Silver,N/A
"Acer Pro 15 Ryzen 3 7320U 15.6 inch Full HD | 8GB LPDDR5, 512GB SSD, Windows 11 Pro, Ms Office 21, Full Metal Body, Thin and lite laptop, 1.51 kg","49,990",3.9,Acer,8GB,512GB,N/A,N/A
"Apple 2026 MacBook Pro Laptop with M5 Max chip with 18‑core CPU and 32‑core GPU: Built for AI, 35.97 cm (14.2″) Liquid Retina XDR Display, 36GB Unified Memory, 2TB SSD Storage; Space Black","4,64,490",5.0,Apple,36GB,2TB,Black,N/A
"Apple 2026 MacBook Pro Laptop with M5 Max chip with 18‑core CPU and 32‑core GPU: Built for AI, 41.05 cm (16.2″) Liquid Retina XDR Display, 36GB Unified Memory, 2TB SSD Storage; Silver","5,13,990",2.4,Apple,36GB,2TB,Silver,N/A
"Apple 2026 MacBook Neo 13″ Laptop with A18 Pro chip: Built for AI and Apple Intelligence, Liquid Retina Display, 8GB Unified Memory, 256GB SSD Storage, 1080p FaceTime HD Camera; Silver","73,990",4.7,Apple,8GB,256GB,Silver,N/A
"Apple 2026 MacBook Air 13″ Laptop with M5 chip: AI and Apple Intelligence, 34.46 cm (13.6″) Liquid Retina Display, 24GB Unified Memory, 1TB SSD Storage, 12MP Center Stage Camera, Touch ID; Midnight","1,94,990",4.8,Apple,24GB,1TB,N/A,N/A
"Apple 2026 MacBook Neo 13″ Laptop with A18 Pro chip: Built for AI and Apple Intelligence, Liquid Retina Display, 8GB Unified Memory, 256GB SSD Storage, 1080p FaceTime HD Camera; Blush","73,990",4.8,Apple,8GB,256GB,N/A,N/A
"Apple 2026 MacBook Air 15″ Laptop with M5 chip: AI and Apple Intelligence, 38.91 cm (15.3″) Liquid Retina Display, 24GB Unified Memory, 1TB SSD Storage, 12MP Center Stage Camera, Touch ID; Midnight","2,22,990",5.0,Apple,24GB,1TB,N/A,N/A
"Dell 15 SmartChoice (Previously Inspiron), Intel 13th Gen Core i5-1334U, 16GB, 1TB SSD, FHD,15.6""/39.62cm, Win 11, MSO'24, Silver, 1.62kg, [Dell 15], 12 Month McAfee, Backlit KB, Thin & Light Laptop","72,990",3.9,Dell,16GB,1TB,Silver,Intel
"HP Omnibook 3, Snapdragon X Processor 45 Tops (16GB LPDDR5x,512GB SSD) 2K WUXGA, 14''/35.6cm, Win 11, M365*Office 24,Silver,1.42kg, hz0026QU/ hz0024QU, Lighter mini Charger, FHD IR Camera, AI Laptop","69,990",3.4,HP,16GB,512GB,Silver,Snapdragon
"Dell Alienware 15 Gaming Laptop, AMD Ryzen R7 260 Processor, NVIDIA GeForce RTX 5050 8 GB GDDR7, 16GB:512GB SSD, 15.3"" WUXGA 165Hz 300 nits Display, Alienware Backlit Keyboard, Win 11 + MSO'24, 2.25kg","1,55,490",5.0,Dell,DDR7,512GB,N/A,AMD
"Apple 2026 MacBook Pro Laptop with M5 Max chip with 18‑core CPU and 32‑core GPU: Built for AI, 35.97 cm (14.2″) Liquid Retina XDR Display, 36GB Unified Memory, 2TB SSD Storage; Space Black","4,64,490",5.0,Apple,36GB,2TB,Black,N/A
"Apple 2026 MacBook Pro Laptop with M5 Max chip with 18‑core CPU and 32‑core GPU: Built for AI, 41.05 cm (16.2″) Liquid Retina XDR Display, 36GB Unified Memory, 2TB SSD Storage; Silver","5,13,990",2.4,Apple,36GB,2TB,Silver,N/A
"Apple 2026 MacBook Neo 13″ Laptop with A18 Pro chip: Built for AI and Apple Intelligence, Liquid Retina Display, 8GB Unified Memory, 256GB SSD Storage, 1080p FaceTime HD Camera; Silver","73,990",4.7,Apple,8GB,256GB,Silver,N/A
"Apple 2026 MacBook Neo 13″ Laptop with A18 Pro chip: Built for AI and Apple Intelligence, Liquid Retina Display, 8GB Unified Memory, 256GB SSD Storage, 1080p FaceTime HD Camera; Blush","73,990",4.8,Apple,8GB,256GB,N/A,N/A
"Apple 2026 MacBook Air 13″ Laptop with M5 chip: AI and Apple Intelligence, 34.46 cm (13.6″) Liquid Retina Display, 24GB Unified Memory, 1TB SSD Storage, 12MP Center Stage Camera, Touch ID; Midnight","1,94,990",4.8,Apple,24GB,1TB,N/A,N/A
"Dell Alienware 15 Gaming Laptop, AMD Ryzen R7 260 Processor, NVIDIA GeForce RTX 5050 8 GB GDDR7, 16GB:512GB SSD, 15.3"" WUXGA 165Hz 300 nits Display, Alienware Backlit Keyboard, Win 11 + MSO'24, 2.25kg","1,55,490",5.0,Dell,DDR7,512GB,N/A,AMD
"Dell 15 SmartChoice (Previously Inspiron), Intel 13th Gen Core i5-1334U, 16GB, 1TB SSD, FHD,15.6""/39.62cm, Win 11, MSO'24, Silver, 1.62kg, [Dell 15], 12 Month McAfee, Backlit KB, Thin & Light Laptop","72,990",3.9,Dell,16GB,1TB,Silver,Intel
"Acer Pro 15 Ryzen 3 7320U 15.6 inch Full HD | 8GB LPDDR5, 512GB SSD, Windows 11 Pro, Ms Office 21, Full Metal Body, Thin and lite laptop, 1.51 kg","49,990",3.9,Acer,8GB,512GB,N/A,N/A
"Dell 15 (Previously Inspiron) Laptop, 14th Gen Intel Core i3/Core 3 100U Processor, 16GB DDR4, 512 SSD, Intel UHD Graphics, 15.6"" FHD 120Hz IPS AG 250 nit Display, Win 11 + Office 2024, Black, 1.63Kg","62,490",4.0,Dell,16GB,N/A,Black,Intel
"HP 15, Intel Core 5-120U (16GB DDR4, 512GB SSD) FHD, Anti-Glare, Micro-Edge, 15.6''/39.6cm, Win11, M365 Basic(1yr), Office Home24, Silver,1.59kg, fd0682tu, FHD Camera w/Shutter, BL Laptop","68,699",3.0,HP,16GB,512GB,Silver,Intel
"Dell 15 (Previously Inspiron) Laptop, 14th Gen Intel Core i3/Core 3 100U Processor, 16GB DDR4, 512 SSD, Intel UHD Graphics, 15.6"" FHD 120Hz IPS AG 250 nit Display, Win 11 + Office 2024, Black, 1.63Kg","62,490",4.0,Dell,16GB,N/A,Black,Intel
"Dell 15 SmartChoice (Previously Inspiron), Intel 13th Gen Core i5-1334U, 16GB, 1TB SSD, FHD,15.6""/39.62cm, Win 11, MSO'24, Silver, 1.62kg, [Dell 15], 12 Month McAfee, Backlit KB, Thin & Light Laptop","72,990",3.9,Dell,16GB,1TB,Silver,Intel
"Lenovo V14 Intel Core i3 13th Gen 14"" FHD (1920x1080) Antiglare 250 Nits Thin and Light Laptop (16GB RAM/512GB SSD/Windows 11 Home/Office Home 2024/Iron Grey/1.43 kg), 83A0A0PCIN","70,990",3.6,Lenovo,16GB,512GB,Grey,Intel
"Dell 15 (Previously Inspiron) Laptop, 14th Gen Intel Core i3/Core 3 100U Processor, 8GB DDR4, 512 SSD, 15.6"" FHD 120Hz IPS AG 250 nit Display, Win 11 + Office H&S 2024, Carbon Black, 1.63Kg","57,490",3.9,Dell,8GB,N/A,Black,Intel
"Dell 15 (Previously Inspiron), R5-7520U Processor, 8GB LPDDR5 RAM, 512GB SSD, FHD 15.6""/39.62 cm Display, Windows 11 Home, Carbon Black, 1.63kg, Standard Keyboard, 15 Month McAfee, Thin & Light Laptop","53,990",2.0,Dell,8GB,512GB,Black,N/A
"HP Omnibook 3, Snapdragon X Processor 45 Tops (16GB LPDDR5x,512GB SSD) 2K WUXGA, 14''/35.6cm, Win 11, M365*Office 24,Silver,1.42kg, hz0026QU/ hz0024QU, Lighter mini Charger, FHD IR Camera, AI Laptop","69,990",3.4,HP,16GB,512GB,Silver,Snapdragon
"Apple 2026 MacBook Pro Laptop with M5 Max chip with 18‑core CPU and 32‑core GPU: Built for AI, 35.97 cm (14.2″) Liquid Retina XDR Display, 36GB Unified Memory, 2TB SSD Storage; Space Black","4,64,490",5.0,Apple,36GB,2TB,Black,N/A
"Acer Pro 15 Ryzen 3 7320U 15.6 inch Full HD | 8GB LPDDR5, 512GB SSD, Windows 11 Pro, Ms Office 21, Full Metal Body, Thin and lite laptop, 1.51 kg","49,990",3.9,Acer,8GB,512GB,N/A,N/A
"Apple 2026 MacBook Pro Laptop with M5 Max chip with 18‑core CPU and 32‑core GPU: Built for AI, 35.97 cm (14.2″) Liquid Retina XDR Display, 36GB Unified Memory, 2TB SSD Storage; Space Black","4,64,490",5.0,Apple,36GB,2TB,Black,N/A
"Apple 2026 MacBook Pro Laptop with M5 Max chip with 18‑core CPU and 32‑core GPU: Built for AI, 41.05 cm (16.2″) Liquid Retina XDR Display, 36GB Unified Memory, 2TB SSD Storage; Space Black","5,13,990",2.4,Apple,36GB,2TB,Black,N/A
"Apple 2026 MacBook Neo 13″ Laptop with A18 Pro chip: Built for AI and Apple Intelligence, Liquid Retina Display, 8GB Unified Memory, 256GB SSD Storage, 1080p FaceTime HD Camera; Silver","73,990",4.7,Apple,8GB,256GB,Silver,N/A
"Apple 2026 MacBook Neo 13″ Laptop with A18 Pro chip: Built for AI and Apple Intelligence, Liquid Retina Display, 8GB Unified Memory, 256GB SSD Storage, 1080p FaceTime HD Camera; Blush","73,990",4.8,Apple,8GB,256GB,N/A,N/A
"Acer Pro 15 Ryzen 3 7320U 15.6 inch Full HD | 8GB LPDDR5, 512GB SSD, Windows 11 Pro, Ms Office 21, Full Metal Body, Thin and lite laptop, 1.51 kg","49,990",3.9,Acer,8GB,512GB,N/A,N/A
"Lenovo V14 Intel Core i3 13th Gen 14"" FHD (1920x1080) Antiglare 250 Nits Thin and Light Laptop (16GB RAM/512GB SSD/Windows 11 Home/Office Home 2024/Iron Grey/1.43 kg), 83A0A0PCIN","70,990",3.6,Lenovo,16GB,512GB,Grey,Intel
"Apple 2026 MacBook Air 13″ Laptop with M5 chip: AI and Apple Intelligence, 34.46 cm (13.6″) Liquid Retina Display, 24GB Unified Memory, 1TB SSD Storage, 12MP Center Stage Camera, Touch ID; Midnight","1,94,990",4.8,Apple,24GB,1TB,N/A,N/A
"Dell 15 (Previously Inspiron), R5-7520U Processor, 8GB LPDDR5 RAM, 512GB SSD, FHD 15.6""/39.62 cm Display, Windows 11 Home, Carbon Black, 1.63kg, Standard Keyboard, 15 Month McAfee, Thin & Light Laptop","53,990",2.0,Dell,8GB,512GB,Black,N/A
"Dell Alienware 15 Gaming Laptop, AMD Ryzen R7 260 Processor, NVIDIA GeForce RTX 5050 8 GB GDDR7, 16GB:512GB SSD, 15.3"" WUXGA 165Hz 300 nits Display, Alienware Backlit Keyboard, Win 11 + MSO'24, 2.25kg","1,55,490",5.0,Dell,DDR7,512GB,N/A,AMD
"Apple 2026 MacBook Pro Laptop with M5 Max chip with 18‑core CPU and 32‑core GPU: Built for AI, 35.97 cm (14.2″) Liquid Retina XDR Display, 36GB Unified Memory, 2TB SSD Storage; Space Black","4,64,490",5.0,Apple,36GB,2TB,Black,N/A
"Apple 2026 MacBook Pro Laptop with M5 Max chip with 18‑core CPU and 32‑core GPU: Built for AI, 41.05 cm (16.2″) Liquid Retina XDR Display, 36GB Unified Memory, 2TB SSD Storage; Silver","5,13,990",2.4,Apple,36GB,2TB,Silver,N/A
"Apple 2026 MacBook Neo 13″ Laptop with A18 Pro chip: Built for AI and Apple Intelligence, Liquid Retina Display, 8GB Unified Memory, 256GB SSD Storage, 1080p FaceTime HD Camera; Silver","73,990",4.7,Apple,8GB,256GB,Silver,N/A
"Dell Alienware 15 Gaming Laptop, AMD Ryzen R7 260 Processor, NVIDIA GeForce RTX 5060 8 GB GDDR7, 16GB:512GB SSD, 15.3"" WUXGA 165Hz 300 nits Display, Alienware Backlit Keyboard, Win 11 + MSO'24, 2.25kg","1,67,490",5.0,Dell,DDR7,512GB,N/A,AMD
"Acer Pro 15 Ryzen 3 7320U 15.6 inch Full HD | 8GB LPDDR5, 512GB SSD, Windows 11 Pro, Ms Office 21, Full Metal Body, Thin and lite laptop, 1.51 kg","49,990",3.9,Acer,8GB,512GB,N/A,N/A
"Apple 2026 MacBook Neo 13″ Laptop with A18 Pro chip: Built for AI and Apple Intelligence, Liquid Retina Display, 8GB Unified Memory, 256GB SSD Storage, 1080p FaceTime HD Camera; Blush","73,990",4.8,Apple,8GB,256GB,N/A,N/A
"Dell 15 SmartChoice (Previously Inspiron), Intel 13th Gen Core i5-1334U, 16GB, 1TB SSD, FHD,15.6""/39.62cm, Win 11, MSO'24, Silver, 1.62kg, [Dell 15], 12 Month McAfee, Backlit KB, Thin & Light Laptop","72,990",3.9,Dell,16GB,1TB,Silver,Intel
"Apple 2026 MacBook Air 13″ Laptop with M5 chip: AI and Apple Intelligence, 34.46 cm (13.6″) Liquid Retina Display, 24GB Unified Memory, 1TB SSD Storage, 12MP Center Stage Camera, Touch ID; Midnight","1,94,990",4.8,Apple,24GB,1TB,N/A,N/A
"HP Omnibook 3, Snapdragon X Processor 45 Tops (16GB LPDDR5x,512GB SSD) 2K WUXGA, 14''/35.6cm, Win 11, M365*Office 24,Silver,1.42kg, hz0026QU/ hz0024QU, Lighter mini Charger, FHD IR Camera, AI Laptop","69,990",3.4,HP,16GB,512GB,Silver,Snapdragon
